image_path,label,prediction
data/images/silhouette/001.png,bulbasaur,Pikachu
data/images/silhouette/002.png,ivysaur,Pikachu
data/images/silhouette/003-Gmax.png,venusaur-gmax,Porygon
data/images/silhouette/003-Mega.png,venusaur-mega,Gyarados
data/images/silhouette/003.png,venusaur,Porygon
data/images/silhouette/004.png,charmander,charmander
data/images/silhouette/005.png,charmeleon,Charizard
data/images/silhouette/006-Gmax.png,charizard-gmax,Gyarados
data/images/silhouette/006-Mega-X.png,charizard-mega-x,Dragonite
data/images/silhouette/006-Mega-Y.png,charizard-mega-y,Charizard
data/images/silhouette/006.png,charizard,Dragonair
data/images/silhouette/007.png,squirtle,Pikachu
data/images/silhouette/008.png,wartortle,Pikachu
data/images/silhouette/009-Gmax.png,blastoise-gmax,Gyarados
data/images/silhouette/009-Mega.png,blastoise-mega,Bulbasaur
data/images/silhouette/009.png,blastoise,Pikachu
data/images/silhouette/010.png,caterpie,Porygon
data/images/silhouette/011.png,metapod,Gyarados
data/images/silhouette/012-Gmax.png,butterfree-gmax,Gardevoir
data/images/silhouette/012.png,butterfree,butterfree
data/images/silhouette/013.png,weedle,Gengar
data/images/silhouette/014.png,kakuna,Porygon
data/images/silhouette/015-Mega.png,beedrill-mega,Gyarados
data/images/silhouette/015.png,beedrill,beedrill
data/images/silhouette/016.png,pidgey,Pikipek
data/images/silhouette/017.png,pidgeotto,Pidgeot
data/images/silhouette/018-Mega.png,pidgeot-mega,Pikachu
data/images/silhouette/018.png,pidgeot,pidgeot
data/images/silhouette/019-Alola.png,rattata-alola,Pikachu
data/images/silhouette/019.png,rattata,Pikachu
data/images/silhouette/020-Alola.png,raticate-alola,Pignite
data/images/silhouette/020.png,raticate,Pikachu
data/images/silhouette/021.png,spearow,Pikipek
data/images/silhouette/022.png,fearow,Pidgeot
data/images/silhouette/023.png,ekans,Gyarados
data/images/silhouette/024.png,arbok,Goldeen
data/images/silhouette/025-Alola-Cap.png,pikachu-alola-cap,Pikachu
data/images/silhouette/025-Belle.png,pikachu-belle,Pikachu
data/images/silhouette/025-Cosplay.png,pikachu-cosplay,Pikachu
data/images/silhouette/025-Gmax.png,pikachu-gmax,Poliwag
data/images/silhouette/025-Hoenn-Cap.png,pikachu-hoenn-cap,Pikachu
data/images/silhouette/025-Kalos-Cap.png,pikachu-kalos-cap,Pikachu
data/images/silhouette/025-Libre.png,pikachu-libre,Pikachu
data/images/silhouette/025-Original-Cap.png,pikachu-original-cap,Pikachu
data/images/silhouette/025-Partner-Cap.png,pikachu-partner-cap,Pikachu
data/images/silhouette/025-Phd.png,pikachu-phd,Pikachu
data/images/silhouette/025-Pop-Star.png,pikachu-pop-star,Pikachu
data/images/silhouette/025-Rock-Star.png,pikachu-rock-star,Pikachu
data/images/silhouette/025-Sinnoh-Cap.png,pikachu-sinnoh-cap,Pikachu
data/images/silhouette/025-Starter.png,pikachu-starter,Pikachu
data/images/silhouette/025-Unova-Cap.png,pikachu-unova-cap,Pikachu
data/images/silhouette/025-World-Cap.png,pikachu-world-cap,Pikachu
data/images/silhouette/025.png,pikachu,pikachu
data/images/silhouette/026-Alola.png,raichu-alola,Pikachu
data/images/silhouette/026.png,raichu,Pikachu
data/images/silhouette/027-Alola.png,sandshrew-alola,Pikachu
data/images/silhouette/027.png,sandshrew,Pikachu
data/images/silhouette/028-Alola.png,sandslash-alola,Pikachu
data/images/silhouette/028.png,sandslash,Porygon
data/images/silhouette/029.png,nidoran-f,Pikachu
data/images/silhouette/030.png,nidorina,Pikachu
data/images/silhouette/031.png,nidoqueen,Gardevoir
data/images/silhouette/032.png,nidoran-m,Gyarados
data/images/silhouette/033.png,nidorino,Gyarados
data/images/silhouette/034.png,nidoking,Gyarados
data/images/silhouette/035.png,clefairy,Pikachu
data/images/silhouette/036.png,clefable,Porygon
data/images/silhouette/037-Alola.png,vulpix-alola,Ponyta
data/images/silhouette/037.png,vulpix,Poochyena
data/images/silhouette/038-Alola.png,ninetales-alola,Gengar
data/images/silhouette/038.png,ninetales,Porygon
data/images/silhouette/039.png,jigglypuff,Pichu
data/images/silhouette/040.png,wigglytuff,Pikachu
data/images/silhouette/041.png,zubat,Chandelure
data/images/silhouette/042.png,golbat,golbat
data/images/silhouette/043.png,oddish,Pikachu
data/images/silhouette/044.png,gloom,Gyarados
data/images/silhouette/045.png,vileplume,Pikachu
data/images/silhouette/046.png,paras,Kangaskhan
data/images/silhouette/047.png,parasect,Gyarados
data/images/silhouette/048.png,venonat,Pikachu
data/images/silhouette/049.png,venomoth,Poliwag
data/images/silhouette/050-Alola.png,diglett-alola,Porygon
data/images/silhouette/050.png,diglett,Gastly
data/images/silhouette/051-Alola.png,dugtrio-alola,Golem
data/images/silhouette/051.png,dugtrio,Golem
data/images/silhouette/052-Alola.png,meowth-alola,Meowth
data/images/silhouette/052-Galar.png,meowth-galar,Gengar
data/images/silhouette/052-Gmax.png,meowth-gmax,Pikachu
data/images/silhouette/052.png,meowth,Pikachu
data/images/silhouette/053-Alola.png,persian-alola,Panpour
data/images/silhouette/053.png,persian,Panpour
data/images/silhouette/054.png,psyduck,Porygon
data/images/silhouette/055.png,golduck,Gyarados
data/images/silhouette/056.png,mankey,Gengar
data/images/silhouette/057.png,primeape,Gyarados
data/images/silhouette/058-Hisui.png,growlithe-hisui,Pikachu
data/images/silhouette/058.png,growlithe,Pikachu
data/images/silhouette/059-Hisui.png,arcanine-hisui,Pikachu
data/images/silhouette/059.png,arcanine,Pikachu
data/images/silhouette/060.png,poliwag,Porygon
data/images/silhouette/061.png,poliwhirl,Porygon
data/images/silhouette/062.png,poliwrath,Porygon
data/images/silhouette/063.png,abra,Pikachu
data/images/silhouette/064.png,kadabra,Pikachu
data/images/silhouette/065-Mega.png,alakazam-mega,Gardevoir
data/images/silhouette/065.png,alakazam,Pikachu
data/images/silhouette/066.png,machop,Porygon
data/images/silhouette/067.png,machoke,Golem
data/images/silhouette/068-Gmax.png,machamp-gmax,Gyarados
data/images/silhouette/068.png,machamp,Golem
data/images/silhouette/069.png,bellsprout,Porygon
data/images/silhouette/070.png,weepinbell,Goldeen
data/images/silhouette/071.png,victreebel,Goldeen
data/images/silhouette/072.png,tentacool,Pikachu
data/images/silhouette/073.png,tentacruel,Gyarados
data/images/silhouette/074-Alola.png,geodude-alola,Gyarados
data/images/silhouette/074.png,geodude,Goldeen
data/images/silhouette/075-Alola.png,graveler-alola,Gyarados
data/images/silhouette/075.png,graveler,Golem
data/images/silhouette/076-Alola.png,golem-alola,Pikachu
data/images/silhouette/076.png,golem,Gyarados
data/images/silhouette/077-Galar.png,ponyta-galar,Piloswine
data/images/silhouette/077.png,ponyta,Pikachu
data/images/silhouette/078-Galar.png,rapidash-galar,Gyarados
data/images/silhouette/078.png,rapidash,Gengar
data/images/silhouette/079-Galar.png,slowpoke-galar,Porygon
data/images/silhouette/079.png,slowpoke,Gyarados
data/images/silhouette/080-Galar.png,slowbro-galar,Pikachu
data/images/silhouette/080-Mega.png,slowbro-mega,Porygon
data/images/silhouette/080.png,slowbro,Pancham
data/images/silhouette/081.png,magnemite,Porygon
data/images/silhouette/082.png,magneton,Gyarados
data/images/silhouette/083-Galar.png,farfetchd-galar,Pikachu
data/images/silhouette/083.png,farfetchd,Pikachu
data/images/silhouette/084.png,doduo,Porygon
data/images/silhouette/085.png,dodrio,Pikachu
data/images/silhouette/086.png,seel,Porygon
data/images/silhouette/087.png,dewgong,Porygon
data/images/silhouette/088-Alola.png,grimer-alola,Gengar
data/images/silhouette/088.png,grimer,Pikachu
data/images/silhouette/089-Alola.png,muk-alola,Poliwag
data/images/silhouette/089.png,muk,Pikachu
data/images/silhouette/090.png,shellder,Pikachu
data/images/silhouette/091.png,cloyster,Gyarados
data/images/silhouette/092.png,gastly,Gyarados
data/images/silhouette/093.png,haunter,Sonic
data/images/silhouette/094-Gmax.png,gengar-gmax,Pikachu
data/images/silhouette/094-Mega.png,gengar-mega,Pikachu
data/images/silhouette/094.png,gengar,Gyarados
data/images/silhouette/095.png,onix,Goldeen
data/images/silhouette/096.png,drowzee,Gengar
data/images/silhouette/097.png,hypno,Pikachu
data/images/silhouette/098.png,krabby,Porygon
data/images/silhouette/099-Gmax.png,kingler-gmax,Gyarados
data/images/silhouette/099.png,kingler,Pikachu
data/images/silhouette/100-Hisui.png,voltorb-hisui,Porygon
data/images/silhouette/100.png,voltorb,Porygon
data/images/silhouette/101-Hisui.png,electrode-hisui,Porygon
data/images/silhouette/101.png,electrode,Mewtwo
data/images/silhouette/102.png,exeggcute,Goldeen
data/images/silhouette/103-Alola.png,exeggutor-alola,Porygon2
data/images/silhouette/103.png,exeggutor,Pikachu
data/images/silhouette/104.png,cubone,Pikachu
data/images/silhouette/105-Alola.png,marowak-alola,Pikachu
data/images/silhouette/105.png,marowak,Gyarados
data/images/silhouette/106.png,hitmonlee,Golbat
data/images/silhouette/107.png,hitmonchan,Pikachu
data/images/silhouette/108.png,lickitung,Piplup
data/images/silhouette/109.png,koffing,Gengar
data/images/silhouette/110-Galar.png,weezing-galar,Gastly
data/images/silhouette/110.png,weezing,Porygon
data/images/silhouette/111.png,rhyhorn,Gengar
data/images/silhouette/112.png,rhydon,Gyarados
data/images/silhouette/113.png,chansey,Porygon
data/images/silhouette/114.png,tangela,Goldeen
data/images/silhouette/115-Mega.png,kangaskhan-mega,Gyarados
data/images/silhouette/115.png,kangaskhan,Golem
data/images/silhouette/116.png,horsea,Piplup
data/images/silhouette/117.png,seadra,Pikachu
data/images/silhouette/118.png,goldeen,Gyarados
data/images/silhouette/119.png,seaking,Pikachu
data/images/silhouette/120.png,staryu,Starly
data/images/silhouette/121.png,starmie,Starly
data/images/silhouette/122-Galar.png,mr-mime-galar,Porygon
data/images/silhouette/122.png,mr-mime,Golbat
data/images/silhouette/123.png,scyther,Gyarados
data/images/silhouette/124.png,jynx,Gastly
data/images/silhouette/125.png,electabuzz,Pikachu
data/images/silhouette/126.png,magmar,Gengar
data/images/silhouette/127-Mega.png,pinsir-mega,Rhyperior
data/images/silhouette/127.png,pinsir,Gengar
data/images/silhouette/128.png,tauros,Gardevoir
data/images/silhouette/129.png,magikarp,Kangaskhan
data/images/silhouette/130-Mega.png,gyarados-mega,Dragonair
data/images/silhouette/130.png,gyarados,gyarados
data/images/silhouette/131-Gmax.png,lapras-gmax,Gastly
data/images/silhouette/131.png,lapras,Golem
data/images/silhouette/132.png,ditto,Gyarados
data/images/silhouette/133-Gmax.png,eevee-gmax,Pikachu
data/images/silhouette/133-Starter.png,eevee-starter,Pikachu
data/images/silhouette/133.png,eevee,Porygon
data/images/silhouette/134.png,vaporeon,Mime Jr.
data/images/silhouette/135.png,jolteon,Togepi
data/images/silhouette/136.png,flareon,Riolu
data/images/silhouette/137.png,porygon,Gyarados
data/images/silhouette/138.png,omanyte,Mime Jr.
data/images/silhouette/139.png,omastar,Gyarados
data/images/silhouette/140.png,kabuto,Porygon
data/images/silhouette/141.png,kabutops,Gengar
data/images/silhouette/142-Mega.png,aerodactyl-mega,Dragonair
data/images/silhouette/142.png,aerodactyl,Gyarados
data/images/silhouette/143-Gmax.png,snorlax-gmax,Groudon
data/images/silhouette/143.png,snorlax,Pikachu
data/images/silhouette/144-Galar.png,articuno-galar,Gyarados
data/images/silhouette/144.png,articuno,Pidgeot
data/images/silhouette/145-Galar.png,zapdos-galar,Pikipek
data/images/silhouette/145.png,zapdos,Pikachu
data/images/silhouette/146-Galar.png,moltres-galar,Gyarados
data/images/silhouette/146.png,moltres,Gyarados
data/images/silhouette/147.png,dratini,Gyarados
data/images/silhouette/148.png,dragonair,Muk
data/images/silhouette/149.png,dragonite,Gyarados
data/images/silhouette/150-Mega-X.png,mewtwo-mega-x,Mewtwo
data/images/silhouette/150-Mega-Y.png,mewtwo-mega-y,Pancham
data/images/silhouette/150.png,mewtwo,Pikachu
data/images/silhouette/151.png,mew,Pancham
data/images/silhouette/152.png,chikorita,Porygon
data/images/silhouette/153.png,bayleef,Pikachu
data/images/silhouette/154.png,meganium,Pancham
data/images/silhouette/155.png,cyndaquil,Pikachu
data/images/silhouette/156.png,quilava,Pikachu
data/images/silhouette/157-Hisui.png,typhlosion-hisui,Gengar
data/images/silhouette/157.png,typhlosion,Pikachu
data/images/silhouette/158.png,totodile,Gengar
data/images/silhouette/159.png,croconaw,Pikachu
data/images/silhouette/160.png,feraligatr,Groudon
data/images/silhouette/161.png,sentret,Porygon
data/images/silhouette/162.png,furret,Pikachu
data/images/silhouette/163.png,hoothoot,Piplup
data/images/silhouette/164.png,noctowl,Pancham
data/images/silhouette/165.png,ledyba,Porygon
data/images/silhouette/166.png,ledian,Pikachu
data/images/silhouette/167.png,spinarak,Kangaskhan
data/images/silhouette/168.png,ariados,Pikachu
data/images/silhouette/169.png,crobat,Gyarados
data/images/silhouette/170.png,chinchou,Porygon
data/images/silhouette/171.png,lanturn,Kangaskhan
data/images/silhouette/172.png,pichu,Pikachu
data/images/silhouette/173.png,cleffa,Gyarados
data/images/silhouette/174.png,igglybuff,Porygon
data/images/silhouette/175.png,togepi,Porygon
data/images/silhouette/176.png,togetic,Pikachu
data/images/silhouette/177.png,natu,Piplup
data/images/silhouette/178.png,xatu,Piplup
data/images/silhouette/179.png,mareep,Porygon
data/images/silhouette/180.png,flaaffy,Pikachu
data/images/silhouette/181-Mega.png,ampharos-mega,Pikachu
data/images/silhouette/181.png,ampharos,Gyarados
data/images/silhouette/182.png,bellossom,Mime Jr.
data/images/silhouette/183.png,marill,Mime Jr.
data/images/silhouette/184.png,azumarill,Porygon
data/images/silhouette/185.png,sudowoodo,Porygon
data/images/silhouette/186.png,politoed,Pancham
data/images/silhouette/187.png,hoppip,Pikachu
data/images/silhouette/188.png,skiploom,Porygon
data/images/silhouette/189.png,jumpluff,Porygon
data/images/silhouette/190.png,aipom,Mewtwo
data/images/silhouette/191.png,sunkern,Porygon
data/images/silhouette/192.png,sunflora,Goldeen
data/images/silhouette/193.png,yanma,Beedrill
data/images/silhouette/194.png,wooper,Porygon
data/images/silhouette/195.png,quagsire,Pancham
data/images/silhouette/196.png,espeon,Pikachu
data/images/silhouette/197.png,umbreon,Pikachu
data/images/silhouette/198.png,murkrow,Pikachu
data/images/silhouette/199-Galar.png,slowking-galar,Pikachu
data/images/silhouette/199.png,slowking,Pikachu
data/images/silhouette/200.png,misdreavus,Gyarados
data/images/silhouette/201.png,unown,Pikachu
data/images/silhouette/202.png,wobbuffet,Gyarados
data/images/silhouette/203.png,girafarig,girafarig
data/images/silhouette/204.png,pineco,Gyarados
data/images/silhouette/205.png,forretress,Gyarados
data/images/silhouette/206.png,dunsparce,Porygon
data/images/silhouette/207.png,gligar,Gyarados
data/images/silhouette/208-Mega.png,steelix-mega,Gyarados
data/images/silhouette/208.png,steelix,Gyarados
data/images/silhouette/209.png,snubbull,Porygon
data/images/silhouette/210.png,granbull,Pikachu
data/images/silhouette/211-Hisui.png,qwilfish-hisui,Gyarados
data/images/silhouette/211.png,qwilfish,Porygon
data/images/silhouette/212-Mega.png,scizor-mega,Gyarados
data/images/silhouette/212.png,scizor,Poliwag
data/images/silhouette/213.png,shuckle,Porygon
data/images/silhouette/214-Mega.png,heracross-mega,Pikachu
data/images/silhouette/214.png,heracross,Goldeen
data/images/silhouette/215-Hisui.png,sneasel-hisui,Pikachu
data/images/silhouette/215.png,sneasel,Pikachu
data/images/silhouette/216.png,teddiursa,Mickey Mouse
data/images/silhouette/217.png,ursaring,Golem
data/images/silhouette/218.png,slugma,Pikachu
data/images/silhouette/219.png,magcargo,Gyarados
data/images/silhouette/220.png,swinub,Porygon
data/images/silhouette/221.png,piloswine,Pikachu
data/images/silhouette/222-Galar.png,corsola-galar,Gyarados
data/images/silhouette/222.png,corsola,Gyarados
data/images/silhouette/223.png,remoraid,Goldeen
data/images/silhouette/224.png,octillery,Gyarados
data/images/silhouette/225.png,delibird,Pikachu
data/images/silhouette/226.png,mantine,Porygon
data/images/silhouette/227.png,skarmory,Pidgeot
data/images/silhouette/228.png,houndour,Pikachu
data/images/silhouette/229-Mega.png,houndoom-mega,Gengar
data/images/silhouette/229.png,houndoom,Rhyhorn
data/images/silhouette/230.png,kingdra,Gyarados
data/images/silhouette/231.png,phanpy,Pikachu
data/images/silhouette/232.png,donphan,Porygon
data/images/silhouette/233.png,porygon2,Porygon
data/images/silhouette/234.png,stantler,Reindeerata
data/images/silhouette/235.png,smeargle,Pikachu
data/images/silhouette/236.png,tyrogue,Pikachu
data/images/silhouette/237.png,hitmontop,Porygon
data/images/silhouette/238.png,smoochum,Piplup
data/images/silhouette/239.png,elekid,Kangaskhan
data/images/silhouette/240.png,magby,Piplup
data/images/silhouette/241.png,miltank,Pichu
data/images/silhouette/242.png,blissey,Porygon
data/images/silhouette/243.png,raikou,Gyarados
data/images/silhouette/244.png,entei,Pikachu
data/images/silhouette/245.png,suicune,Gyarados
data/images/silhouette/246.png,larvitar,Porygon
data/images/silhouette/247.png,pupitar,Pikachu
data/images/silhouette/248-Mega.png,tyranitar-mega,Gyarados
data/images/silhouette/248.png,tyranitar,Pikachu
data/images/silhouette/249.png,lugia,Gallade
data/images/silhouette/250.png,ho-oh,Pidgeot
data/images/silhouette/251.png,celebi,Pikachu
data/images/silhouette/252.png,treecko,Pikachu
data/images/silhouette/253.png,grovyle,Poliwag
data/images/silhouette/254-Mega.png,sceptile-mega,Gyarados
data/images/silhouette/254.png,sceptile,Pikachu
data/images/silhouette/255.png,torchic,Porygon
data/images/silhouette/256.png,combusken,Pikachu
data/images/silhouette/257-Mega.png,blaziken-mega,Gengar
data/images/silhouette/257.png,blaziken,Pikachu
data/images/silhouette/258.png,mudkip,Porygon
data/images/silhouette/259.png,marshtomp,Pikachu
data/images/silhouette/260-Mega.png,swampert-mega,Rhyhorn
data/images/silhouette/260.png,swampert,Pikachu
data/images/silhouette/261.png,poochyena,Pikachu
data/images/silhouette/262.png,mightyena,Gengar
data/images/silhouette/263-Galar.png,zigzagoon-galar,Gyarados
data/images/silhouette/263.png,zigzagoon,Pikachu
data/images/silhouette/264-Galar.png,linoone-galar,Pikachu
data/images/silhouette/264.png,linoone,Pikachu
data/images/silhouette/265.png,wurmple,Rhyperior
data/images/silhouette/266.png,silcoon,Rhyperior
data/images/silhouette/267.png,beautifly,Butterfree
data/images/silhouette/268.png,cascoon,Mega Absol
data/images/silhouette/269.png,dustox,Poliwag
data/images/silhouette/270.png,lotad,Porygon
data/images/silhouette/271.png,lombre,Piplup
data/images/silhouette/272.png,ludicolo,Gyarados
data/images/silhouette/273.png,seedot,Porygon
data/images/silhouette/274.png,nuzleaf,Pikachu
data/images/silhouette/275.png,shiftry,Pikachu
data/images/silhouette/276.png,taillow,Piplup
data/images/silhouette/277.png,swellow,Pidgeotto
data/images/silhouette/278.png,wingull,Dragonair
data/images/silhouette/279.png,pelipper,Pidgeot
data/images/silhouette/280.png,ralts,Pichu
data/images/silhouette/281.png,kirlia,Pikachu
data/images/silhouette/282-Mega.png,gardevoir-mega,Porygon
data/images/silhouette/282.png,gardevoir,Gengar
data/images/silhouette/283.png,surskit,Pikachu
data/images/silhouette/284.png,masquerain,Pidgeot
data/images/silhouette/285.png,shroomish,Porygon
data/images/silhouette/286.png,breloom,Porygon
data/images/silhouette/287.png,slakoth,Pikachu
data/images/silhouette/288.png,vigoroth,Gyarados
data/images/silhouette/289.png,slaking,Pikachu
data/images/silhouette/290.png,nincada,Porygon
data/images/silhouette/291.png,ninjask,Staryu
data/images/silhouette/292.png,shedinja,Gyarados
data/images/silhouette/293.png,whismur,Pichu
data/images/silhouette/294.png,loudred,Mickey Mouse
data/images/silhouette/295.png,exploud,Pikachu
data/images/silhouette/296.png,makuhita,Porygon
data/images/silhouette/297.png,hariyama,Gyarados
data/images/silhouette/298.png,azurill,Mimikyu
data/images/silhouette/299.png,nosepass,Gyarados
data/images/silhouette/300.png,skitty,Porygon
data/images/silhouette/301.png,delcatty,Pikachu
data/images/silhouette/302-Mega.png,sableye-mega,Rhyperior
data/images/silhouette/302.png,sableye,Pikachu
data/images/silhouette/303-Mega.png,mawile-mega,Gyarados
data/images/silhouette/303.png,mawile,Porygon
data/images/silhouette/304.png,aron,Goldeen
data/images/silhouette/305.png,lairon,Gyarados
data/images/silhouette/306-Mega.png,aggron-mega,Rhyperior
data/images/silhouette/306.png,aggron,Gyarados
data/images/silhouette/307.png,meditite,Porygon
data/images/silhouette/308-Mega.png,medicham-mega,Porygon
data/images/silhouette/308.png,medicham,Porygon
data/images/silhouette/309.png,electrike,Rhyperior
data/images/silhouette/310-Mega.png,manectric-mega,Gyarados
data/images/silhouette/310.png,manectric,Gengar
data/images/silhouette/311.png,plusle,Pichu
data/images/silhouette/312.png,minun,Porygon
data/images/silhouette/313.png,volbeat,Pikachu
data/images/silhouette/314.png,illumise,Porygon
data/images/silhouette/315.png,roselia,Porygon
data/images/silhouette/316.png,gulpin,Porygon
data/images/silhouette/317.png,swalot,Gengar
data/images/silhouette/318.png,carvanha,Gyarados
data/images/silhouette/319-Mega.png,sharpedo-mega,Gyarados
data/images/silhouette/319.png,sharpedo,Gyarados
data/images/silhouette/320.png,wailmer,Porygon
data/images/silhouette/321.png,wailord,Porygon
data/images/silhouette/322.png,numel,Piplup
data/images/silhouette/323-Mega.png,camerupt-mega,Gastly
data/images/silhouette/323.png,camerupt,Porygon
data/images/silhouette/324.png,torkoal,Golem
data/images/silhouette/325.png,spoink,Porygon
data/images/silhouette/326.png,grumpig,Pikachu
data/images/silhouette/327.png,spinda,Pancham
data/images/silhouette/328.png,trapinch,Piplup
data/images/silhouette/329.png,vibrava,Beedrill
data/images/silhouette/330.png,flygon,Gyarados
data/images/silhouette/331.png,cacnea,Gyarados
data/images/silhouette/332.png,cacturne,Porygon
data/images/silhouette/333.png,swablu,Goldeen
data/images/silhouette/334-Mega.png,altaria-mega,Porygon
data/images/silhouette/334.png,altaria,Porygon
data/images/silhouette/335.png,zangoose,Gyarados
data/images/silhouette/336.png,seviper,Gyarados
data/images/silhouette/337.png,lunatone,Gengar
data/images/silhouette/338.png,solrock,Gyarados
data/images/silhouette/339.png,barboach,Porygon
data/images/silhouette/340.png,whiscash,Porygon
data/images/silhouette/341.png,corphish,Porygon
data/images/silhouette/342.png,crawdaunt,Pikachu
data/images/silhouette/343.png,baltoy,Goldeen
data/images/silhouette/344.png,claydol,Goldeen
data/images/silhouette/345.png,lileep,Porygon
data/images/silhouette/346.png,cradily,Porygon
data/images/silhouette/347.png,anorith,Kangaskhan
data/images/silhouette/348.png,armaldo,Gyarados
data/images/silhouette/349.png,feebas,Gyarados
data/images/silhouette/350.png,milotic,Gyarados
data/images/silhouette/351-Rainy.png,castform-rainy,Goldeen
data/images/silhouette/351-Snowy.png,castform-snowy,Gyarados
data/images/silhouette/351-Sunny.png,castform-sunny,Gastly
data/images/silhouette/351.png,castform,Gengar
data/images/silhouette/352.png,kecleon,Pikachu
data/images/silhouette/353.png,shuppet,Pikachu
data/images/silhouette/354-Mega.png,banette-mega,Gyarados
data/images/silhouette/354.png,banette,Pancham
data/images/silhouette/355.png,duskull,Goldeen
data/images/silhouette/356.png,dusclops,Pikachu
data/images/silhouette/357.png,tropius,Pikachu
data/images/silhouette/358.png,chimecho,Porygon
data/images/silhouette/359-Mega.png,absol-mega,Poliwag
data/images/silhouette/359.png,absol,Gengar
data/images/silhouette/360.png,wynaut,Pikachu
data/images/silhouette/361.png,snorunt,Porygon
data/images/silhouette/362-Mega.png,glalie-mega,Pikachu
data/images/silhouette/362.png,glalie,Pikachu
data/images/silhouette/363.png,spheal,Porygon
data/images/silhouette/364.png,sealeo,Pikachu
data/images/silhouette/365.png,walrein,Pikachu
data/images/silhouette/366.png,clamperl,Gyarados
data/images/silhouette/367.png,huntail,Gyarados
data/images/silhouette/368.png,gorebyss,Porygon
data/images/silhouette/369.png,relicanth,Goldeen
data/images/silhouette/370.png,luvdisc,Porygon
data/images/silhouette/371.png,bagon,Pikachu
data/images/silhouette/372.png,shelgon,Porygon
data/images/silhouette/373-Mega.png,salamence-mega,Mewtwo
data/images/silhouette/373.png,salamence,Gyarados
data/images/silhouette/374.png,beldum,Porygon
data/images/silhouette/375.png,metang,Porygon
data/images/silhouette/376-Mega.png,metagross-mega,Porygon
data/images/silhouette/376.png,metagross,Gyarados
data/images/silhouette/377.png,regirock,Golem
data/images/silhouette/378.png,regice,Gyarados
data/images/silhouette/379.png,registeel,Rhyperior
data/images/silhouette/380-Mega.png,latias-mega,Gyarados
data/images/silhouette/380.png,latias,Pikipek
data/images/silhouette/381-Mega.png,latios-mega,Pidgey
data/images/silhouette/381.png,latios,Pikachu
data/images/silhouette/382-Primal.png,kyogre-primal,Pikachu
data/images/silhouette/382.png,kyogre,Porygon
data/images/silhouette/383-Primal.png,groudon-primal,Garchomp
data/images/silhouette/383.png,groudon,Gyarados
data/images/silhouette/384-Mega.png,rayquaza-mega,Gyarados
data/images/silhouette/384.png,rayquaza,Gyarados
data/images/silhouette/385.png,jirachi,Porygon
data/images/silhouette/386-Attack.png,deoxys-normal-attack,Gyarados
data/images/silhouette/386-Defense.png,deoxys-normal-defense,Golem
data/images/silhouette/386-Speed.png,deoxys-normal-speed,Pikachu
data/images/silhouette/386.png,deoxys-normal,Pikachu
data/images/silhouette/387.png,turtwig,Porygon
data/images/silhouette/388.png,grotle,Pikachu
data/images/silhouette/389.png,torterra,Porygon
data/images/silhouette/390.png,chimchar,Piplup
data/images/silhouette/391.png,monferno,Pikachu
data/images/silhouette/392.png,infernape,Gengar
data/images/silhouette/393.png,piplup,Pikachu
data/images/silhouette/394.png,prinplup,Pikachu
data/images/silhouette/395.png,empoleon,Gyarados
data/images/silhouette/396.png,starly,Piplup
data/images/silhouette/397.png,staravia,Pancham
data/images/silhouette/398.png,staraptor,Pikachu
data/images/silhouette/399.png,bidoof,Pikachu
data/images/silhouette/400.png,bibarel,Pikachu
data/images/silhouette/401.png,kricketot,Porygon
data/images/silhouette/402.png,kricketune,Pikachu
data/images/silhouette/403.png,shinx,Pikachu
data/images/silhouette/404.png,luxio,Starly
data/images/silhouette/405.png,luxray,Gengar
data/images/silhouette/406.png,budew,Piplup
data/images/silhouette/407.png,roserade,Porygon
data/images/silhouette/408.png,cranidos,Pikachu
data/images/silhouette/409.png,rampardos,Porygon
data/images/silhouette/410.png,shieldon,Pikachu
data/images/silhouette/411.png,bastiodon,Gyarados
data/images/silhouette/412-Sandy.png,burmy-sandy,Gyarados
data/images/silhouette/412-Trash.png,burmy-trash,Gengar
data/images/silhouette/412.png,burmy,Pikachu
data/images/silhouette/413-Sandy.png,wormadam-plant-sandy,Goldeen
data/images/silhouette/413-Trash.png,wormadam-plant-trash,Goldeen
data/images/silhouette/413.png,wormadam-plant,Gyarados
data/images/silhouette/414.png,mothim,Pikachu
data/images/silhouette/415.png,combee,Bellossom
data/images/silhouette/416.png,vespiquen,Porygon
data/images/silhouette/417.png,pachirisu,Pikachu
data/images/silhouette/418.png,buizel,Pikachu
data/images/silhouette/419.png,floatzel,Pikachu
data/images/silhouette/420.png,cherubi,Gastly
data/images/silhouette/421-Sunshine.png,cherrim-sunshine,Gyarados
data/images/silhouette/421.png,cherrim,Porygon
data/images/silhouette/422-East.png,shellos-east,Pikachu
data/images/silhouette/422-West.png,shellos-west,Goldeen
data/images/silhouette/422.png,shellos,Pikachu
data/images/silhouette/423-East.png,gastrodon-east,Pikachu
data/images/silhouette/423-West.png,gastrodon-west,Pikachu
data/images/silhouette/423.png,gastrodon,Pikachu
data/images/silhouette/424.png,ambipom,Pikachu
data/images/silhouette/425.png,drifloon,Porygon
data/images/silhouette/426.png,drifblim,Porygon
data/images/silhouette/427.png,buneary,Porygon
data/images/silhouette/428-Mega.png,lopunny-mega,Pikachu
data/images/silhouette/428.png,lopunny,Gengar
data/images/silhouette/429.png,mismagius,Gyarados
data/images/silhouette/430.png,honchkrow,Pidgey
data/images/silhouette/431.png,glameow,Pikachu
data/images/silhouette/432.png,purugly,Gengar
data/images/silhouette/433.png,chingling,Porygon
data/images/silhouette/434.png,stunky,Pikachu
data/images/silhouette/435.png,skuntank,Porygon
data/images/silhouette/436.png,bronzor,Gyarados
data/images/silhouette/437.png,bronzong,Porygon
data/images/silhouette/438.png,bonsly,Porygon
data/images/silhouette/439.png,mime-jr,Poliwag
data/images/silhouette/440.png,happiny,Pikachu
data/images/silhouette/441.png,chatot,Pikachu
data/images/silhouette/442.png,spiritomb,Porygon
data/images/silhouette/443.png,gible,Pikachu
data/images/silhouette/444.png,gabite,Porygon
data/images/silhouette/445-Mega.png,garchomp-mega,Gyarados
data/images/silhouette/445.png,garchomp,Gyarados
data/images/silhouette/446.png,munchlax,Pikachu
data/images/silhouette/447.png,riolu,Pikachu
data/images/silhouette/448-Mega.png,lucario-mega,Munchlax
data/images/silhouette/448.png,lucario,Pikachu
data/images/silhouette/449.png,hippopotas,Pikachu
data/images/silhouette/450.png,hippowdon,Pikachu
data/images/silhouette/451.png,skorupi,Gyarados
data/images/silhouette/452.png,drapion,Gyarados
data/images/silhouette/453.png,croagunk,Pikachu
data/images/silhouette/454.png,toxicroak,Gengar
data/images/silhouette/455.png,carnivine,Muk
data/images/silhouette/456.png,finneon,Piplup
data/images/silhouette/457.png,lumineon,Pikachu
data/images/silhouette/458.png,mantyke,Porygon
data/images/silhouette/459.png,snover,Pikachu
data/images/silhouette/460-Mega.png,abomasnow-mega,Gengar
data/images/silhouette/460.png,abomasnow,Cacnea
data/images/silhouette/461.png,weavile,Porygon
data/images/silhouette/462.png,magnezone,Porygon
data/images/silhouette/463.png,lickilicky,Pikachu
data/images/silhouette/464.png,rhyperior,Shuckle
data/images/silhouette/465.png,tangrowth,Pikachu
data/images/silhouette/466.png,electivire,Rhyperior
data/images/silhouette/467.png,magmortar,Gengar
data/images/silhouette/468.png,togekiss,Pikachu
data/images/silhouette/469.png,yanmega,Beedrill
data/images/silhouette/470.png,leafeon,Mewtwo
data/images/silhouette/471.png,glaceon,Pikachu
data/images/silhouette/472.png,gliscor,Gengar
data/images/silhouette/473.png,mamoswine,Mammuton
data/images/silhouette/474.png,porygon-z,Porygon
data/images/silhouette/475-Mega.png,gallade-mega,Porygon
data/images/silhouette/475.png,gallade,Pikachu
data/images/silhouette/476.png,probopass,Goldeen
data/images/silhouette/477.png,dusknoir,Pikachu
data/images/silhouette/478.png,froslass,Pichu
data/images/silhouette/479-Fan.png,rotom-fan,Pikachu
data/images/silhouette/479-Frost.png,rotom-frost,Pikachu
data/images/silhouette/479-Heat.png,rotom-heat,Pikachu
data/images/silhouette/479-Mow.png,rotom-mow,Porygon
data/images/silhouette/479-Wash.png,rotom-wash,Pikachu
data/images/silhouette/479.png,rotom,Zapdos
data/images/silhouette/480.png,uxie,Piplup
data/images/silhouette/481.png,mesprit,Goldeen
data/images/silhouette/482.png,azelf,Gastly
data/images/silhouette/483-Origin.png,dialga-origin,Gyarados
data/images/silhouette/483.png,dialga,Gyarados
data/images/silhouette/484-Origin.png,palkia-origin,Munchlax
data/images/silhouette/484.png,palkia,Gyarados
data/images/silhouette/485.png,heatran,Pikachu
data/images/silhouette/486.png,regigigas,Golem
data/images/silhouette/487-Origin.png,giratina-altered-origin,Gyarados
data/images/silhouette/487.png,giratina-altered,Dragonair
data/images/silhouette/488.png,cresselia,Porygon
data/images/silhouette/489.png,phione,Pancham
data/images/silhouette/490.png,manaphy,Piplup
data/images/silhouette/491.png,darkrai,Gengar
data/images/silhouette/492-Sky.png,shaymin-land-sky,Porygon
data/images/silhouette/492.png,shaymin-land,Pikachu
data/images/silhouette/493.png,arceus,Gyarados
data/images/silhouette/494.png,victini,Pikachu
data/images/silhouette/495.png,snivy,Piplup
data/images/silhouette/496.png,servine,Porygon
data/images/silhouette/497.png,serperior,Gyarados
data/images/silhouette/498.png,tepig,Pichu
data/images/silhouette/499.png,pignite,Bulbasaur
data/images/silhouette/500.png,emboar,Groudon
data/images/silhouette/501.png,oshawott,Pikachu
data/images/silhouette/502.png,dewott,Pikachu
data/images/silhouette/503-Hisui.png,samurott-hisui,Gyarados
data/images/silhouette/503.png,samurott,Gyarados
data/images/silhouette/504.png,patrat,Pikachu
data/images/silhouette/505.png,watchog,Pikachu
data/images/silhouette/506.png,lillipup,Pikachu
data/images/silhouette/507.png,herdier,Pikachu
data/images/silhouette/508.png,stoutland,Pikachu
data/images/silhouette/509.png,purrloin,Gyarados
data/images/silhouette/510.png,liepard,Meowth
data/images/silhouette/511.png,pansage,Pikachu
data/images/silhouette/512.png,simisage,Pikachu
data/images/silhouette/513.png,pansear,Porygon
data/images/silhouette/514.png,simisear,Musharna
data/images/silhouette/515.png,panpour,Porygon
data/images/silhouette/516.png,simipour,Pikachu
data/images/silhouette/517.png,munna,Porygon
data/images/silhouette/518.png,musharna,Goldeen
data/images/silhouette/519.png,pidove,Pidgey
data/images/silhouette/520.png,tranquill,Pidgeotto
data/images/silhouette/521.png,unfezant,Pikachu
data/images/silhouette/522.png,blitzle,Pikachu
data/images/silhouette/523.png,zebstrika,Pikipek
data/images/silhouette/524.png,roggenrola,Pikachu
data/images/silhouette/525.png,boldore,Gyarados
data/images/silhouette/526.png,gigalith,Gyarados
data/images/silhouette/527.png,woobat,Gengar
data/images/silhouette/528.png,swoobat,Gengar
data/images/silhouette/529.png,drilbur,Stantler
data/images/silhouette/530.png,excadrill,Gyarados
data/images/silhouette/531-Mega.png,audino-mega,Pikachu
data/images/silhouette/531.png,audino,Pancham
data/images/silhouette/532.png,timburr,Pikachu
data/images/silhouette/533.png,gurdurr,Gardevoir
data/images/silhouette/534.png,conkeldurr,Golem
data/images/silhouette/535.png,tympole,Porygon
data/images/silhouette/536.png,palpitoad,Pikachu
data/images/silhouette/537.png,seismitoad,Golem
data/images/silhouette/538.png,throh,Gardevoir
data/images/silhouette/539.png,sawk,Golem
data/images/silhouette/540.png,sewaddle,Goldeen
data/images/silhouette/541.png,swadloon,Porygon
data/images/silhouette/542.png,leavanny,Porygon
data/images/silhouette/543.png,venipede,Rhyperior
data/images/silhouette/544.png,whirlipede,Porygon
data/images/silhouette/545.png,scolipede,Rhyperior
data/images/silhouette/546.png,cottonee,Porygon
data/images/silhouette/547.png,whimsicott,Gastly
data/images/silhouette/548.png,petilil,Porygon
data/images/silhouette/549-Hisui.png,lilligant-hisui,Pancham
data/images/silhouette/549.png,lilligant,Piplup
data/images/silhouette/550-Blue-Striped.png,basculin-red-striped-blue-striped,Gyarados
data/images/silhouette/550-Red-Striped.png,basculin-red-striped-red-striped,Pikachu
data/images/silhouette/550-White-Striped.png,basculin-red-striped-white-striped,Gyarados
data/images/silhouette/550.png,basculin-red-striped,Pikachu
data/images/silhouette/551.png,sandile,Porygon
data/images/silhouette/552.png,krokorok,Pikachu
data/images/silhouette/553.png,krookodile,Gengar
data/images/silhouette/554-Galar.png,darumaka-galar,Gyarados
data/images/silhouette/554.png,darumaka,Pikachu
data/images/silhouette/555-Galar-Standard.png,darmanitan-standard-galar-standard,Pikachu
data/images/silhouette/555-Galar-Zen.png,darmanitan-standard-galar-zen,Porygon
data/images/silhouette/555-Zen.png,darmanitan-standard-zen,Gyarados
data/images/silhouette/555.png,darmanitan-standard,Porygon
data/images/silhouette/556.png,maractus,Gardevoir
data/images/silhouette/557.png,dwebble,Porygon
data/images/silhouette/558.png,crustle,Poliwag
data/images/silhouette/559.png,scraggy,Piplup
data/images/silhouette/560.png,scrafty,Pikachu
data/images/silhouette/561.png,sigilyph,Poliwag
data/images/silhouette/562-Galar.png,yamask-galar,Porygon
data/images/silhouette/562.png,yamask,Pikachu
data/images/silhouette/563.png,cofagrigus,Golem
data/images/silhouette/564.png,tirtouga,Porygon
data/images/silhouette/565.png,carracosta,Golem
data/images/silhouette/566.png,archen,Pikachu
data/images/silhouette/567.png,archeops,Gyarados
data/images/silhouette/568.png,trubbish,Porygon
data/images/silhouette/569-Gmax.png,garbodor-gmax,Golem
data/images/silhouette/569.png,garbodor,Pikachu
data/images/silhouette/570-Hisui.png,zorua-hisui,Gengar
data/images/silhouette/570.png,zorua,Gyarados
data/images/silhouette/571-Hisui.png,zoroark-hisui,Gengar
data/images/silhouette/571.png,zoroark,Gengar
data/images/silhouette/572.png,minccino,Stitchy
data/images/silhouette/573.png,cinccino,Gyarados
data/images/silhouette/574.png,gothita,Gyarados
data/images/silhouette/575.png,gothorita,Musharna
data/images/silhouette/576.png,gothitelle,Porygon
data/images/silhouette/577.png,solosis,Porygon
data/images/silhouette/578.png,duosion,Porygon
data/images/silhouette/579.png,reuniclus,Pikachu
data/images/silhouette/580.png,ducklett,Piplup
data/images/silhouette/581.png,swanna,Porygon
data/images/silhouette/582.png,vanillite,Porygon
data/images/silhouette/583.png,vanillish,Gengar
data/images/silhouette/584.png,vanilluxe,Gyarados
data/images/silhouette/585-Autumn.png,deerling-autumn,Bambi
data/images/silhouette/585-Summer.png,deerling-summer,Bambi
data/images/silhouette/585-Winter.png,deerling-winter,Bambi
data/images/silhouette/585.png,deerling,Togepi
data/images/silhouette/586-Autumn.png,sawsbuck-autumn,Mime Jr.
data/images/silhouette/586-Summer.png,sawsbuck-summer,Moltres
data/images/silhouette/586-Winter.png,sawsbuck-winter,Mega-Deerling
data/images/silhouette/586.png,sawsbuck,Stantler
data/images/silhouette/587.png,emolga,Piplup
data/images/silhouette/588.png,karrablast,Porygon
data/images/silhouette/589.png,escavalier,Pikachu
data/images/silhouette/590.png,foongus,Musharna
data/images/silhouette/591.png,amoonguss,Musharna
data/images/silhouette/592.png,frillish,Porygon
data/images/silhouette/593.png,jellicent,Porygon
data/images/silhouette/594.png,alomomola,Goldeen
data/images/silhouette/595.png,joltik,Gyarados
data/images/silhouette/596.png,galvantula,Pikachu
data/images/silhouette/597.png,ferroseed,Gyarados
data/images/silhouette/598.png,ferrothorn,Gyarados
data/images/silhouette/599.png,klink,Gyarados
data/images/silhouette/600.png,klang,Gyarados
data/images/silhouette/601.png,klinklang,Gyarados
data/images/silhouette/602.png,tynamo,Porygon
data/images/silhouette/603.png,eelektrik,Gyarados
data/images/silhouette/604.png,eelektross,Pikachu
data/images/silhouette/605.png,elgyem,Porygon
data/images/silhouette/606.png,beheeyem,Bellatrix
data/images/silhouette/607.png,litwick,Porygon
data/images/silhouette/608.png,lampent,Pichu
data/images/silhouette/609.png,chandelure,Gengar
data/images/silhouette/610.png,axew,Pikachu
data/images/silhouette/611.png,fraxure,Gyarados
data/images/silhouette/612.png,haxorus,Gyarados
data/images/silhouette/613.png,cubchoo,Porygon
data/images/silhouette/614.png,beartic,Golem
data/images/silhouette/615.png,cryogonal,Gyarados
data/images/silhouette/616.png,shelmet,Porygon
data/images/silhouette/617.png,accelgor,Pikachu
data/images/silhouette/618-Galar.png,stunfisk-galar,Porygon
data/images/silhouette/618.png,stunfisk,Porygon
data/images/silhouette/619.png,mienfoo,Pikachu
data/images/silhouette/620.png,mienshao,Pikachu
data/images/silhouette/621.png,druddigon,Gyarados
data/images/silhouette/622.png,golett,Porygon
data/images/silhouette/623.png,golurk,Gyarados
data/images/silhouette/624.png,pawniard,Pichu
data/images/silhouette/625.png,bisharp,Pikachu
data/images/silhouette/626.png,bouffalant,Rhyhorn
data/images/silhouette/627.png,rufflet,Pikachu
data/images/silhouette/628-Hisui.png,braviary-hisui,Pidgeot
data/images/silhouette/628.png,braviary,Pidgeot
data/images/silhouette/629.png,vullaby,Piplup
data/images/silhouette/630.png,mandibuzz,Porygon
data/images/silhouette/631.png,heatmor,Gyarados
data/images/silhouette/632.png,durant,Pikachu
data/images/silhouette/633.png,deino,Pikachu
data/images/silhouette/634.png,zweilous,Pikachu
data/images/silhouette/635.png,hydreigon,Gyarados
data/images/silhouette/636.png,larvesta,Pikachu
data/images/silhouette/637.png,volcarona,Gyarados
data/images/silhouette/638.png,cobalion,Gyarados
data/images/silhouette/639.png,terrakion,Pikachu
data/images/silhouette/640.png,virizion,Bidoof
data/images/silhouette/641-Therian.png,tornadus-incarnate-therian,Pidgeotto
data/images/silhouette/641.png,tornadus-incarnate,Gyarados
data/images/silhouette/642-Therian.png,thundurus-incarnate-therian,Pikachu
data/images/silhouette/642.png,thundurus-incarnate,Gyarados
data/images/silhouette/643.png,reshiram,Gyarados
data/images/silhouette/644.png,zekrom,Pikachu
data/images/silhouette/645-Therian.png,landorus-incarnate-therian,Goldeen
data/images/silhouette/645.png,landorus-incarnate,Gyarados
data/images/silhouette/646-Black.png,kyurem-black,Gyarados
data/images/silhouette/646-White.png,kyurem-white,Garchomp
data/images/silhouette/646.png,kyurem,Gyarados
data/images/silhouette/647-Resolute.png,keldeo-ordinary-resolute,Pikachu
data/images/silhouette/647.png,keldeo-ordinary,Pikachu
data/images/silhouette/648-Pirouette.png,meloetta-aria-pirouette,Porygon
data/images/silhouette/648.png,meloetta-aria,Porygon
data/images/silhouette/649.png,genesect,Gyarados
data/images/silhouette/650.png,chespin,Pancham
data/images/silhouette/651.png,quilladin,Staraptor
data/images/silhouette/652.png,chesnaught,Shuckle
data/images/silhouette/653.png,fennekin,Pikachu
data/images/silhouette/654.png,braixen,Pikachu
data/images/silhouette/655.png,delphox,Pikachu
data/images/silhouette/656.png,froakie,Pikachu
data/images/silhouette/657.png,frogadier,Pikachu
data/images/silhouette/658-Ash.png,greninja-ash,Mewtwo
data/images/silhouette/658.png,greninja,Gengar
data/images/silhouette/659.png,bunnelby,Porygon
data/images/silhouette/660.png,diggersby,Porygon
data/images/silhouette/661.png,fletchling,Pikipek
data/images/silhouette/662.png,fletchinder,Pikipek
data/images/silhouette/663.png,talonflame,Pikachu
data/images/silhouette/664.png,scatterbug,Porygon
data/images/silhouette/665.png,spewpa,Porygon
data/images/silhouette/666-Archipelago.png,vivillon-archipelago,Butterfree
data/images/silhouette/666-Continental.png,vivillon-continental,Butterfree
data/images/silhouette/666-Elegant.png,vivillon-elegant,Butterfree
data/images/silhouette/666-Fancy.png,vivillon-fancy,Butterfree
data/images/silhouette/666-Garden.png,vivillon-garden,Butterfree
data/images/silhouette/666-High-Plains.png,vivillon-high-plains,Butterfree
data/images/silhouette/666-Icy-Snow.png,vivillon-icy-snow,Butterfree
data/images/silhouette/666-Jungle.png,vivillon-jungle,Butterfree
data/images/silhouette/666-Marine.png,vivillon-marine,Butterfree
data/images/silhouette/666-Meadow.png,vivillon-meadow,Butterfree
data/images/silhouette/666-Modern.png,vivillon-modern,Butterfree
data/images/silhouette/666-Monsoon.png,vivillon-monsoon,Butterfree
data/images/silhouette/666-Ocean.png,vivillon-ocean,Butterfree
data/images/silhouette/666-Poke-Ball.png,vivillon-poke-ball,Butterfree
data/images/silhouette/666-Polar.png,vivillon-polar,Butterfree
data/images/silhouette/666-River.png,vivillon-river,Butterfree
data/images/silhouette/666-Sandstorm.png,vivillon-sandstorm,Butterfree
data/images/silhouette/666-Savanna.png,vivillon-savanna,Butterfree
data/images/silhouette/666-Sun.png,vivillon-sun,Butterfree
data/images/silhouette/666-Tundra.png,vivillon-tundra,Butterfree
data/images/silhouette/666.png,vivillon,Butterfree
data/images/silhouette/667.png,litleo,Porygon
data/images/silhouette/668.png,pyroar,Gyarados
data/images/silhouette/669.png,flabebe,Porygon
data/images/silhouette/670-Eternal.png,floette-eternal,Pikachu
data/images/silhouette/670.png,floette,Pikachu
data/images/silhouette/671.png,florges,Porygon
data/images/silhouette/672.png,skiddo,Pikachu
data/images/silhouette/673.png,gogoat,Muk
data/images/silhouette/674.png,pancham,Pikachu
data/images/silhouette/675.png,pangoro,Golbat
data/images/silhouette/676-Diamond.png,furfrou-diamond,Porygon
data/images/silhouette/676-Heart.png,furfrou-heart,Poochyena
data/images/silhouette/676-Star.png,furfrou-star,Poochyena
data/images/silhouette/676.png,furfrou,Pikachu
data/images/silhouette/677.png,espurr,Mime Jr.
data/images/silhouette/678-Female.png,meowstic-male-female,Mime Jr.
data/images/silhouette/678-Male-Female.png,meowstic-male-male-female,Pichu
data/images/silhouette/678.png,meowstic-male,Pichu
data/images/silhouette/679.png,honedge,Gyarados
data/images/silhouette/680.png,doublade,Pikachu
data/images/silhouette/681-Blade.png,aegislash-shield-blade,Porygon
data/images/silhouette/681.png,aegislash-shield,Gengar
data/images/silhouette/682.png,spritzee,Gyarados
data/images/silhouette/683.png,aromatisse,Gengar
data/images/silhouette/684.png,swirlix,Porygon
data/images/silhouette/685.png,slurpuff,Gastly
data/images/silhouette/686.png,inkay,Pikachu
data/images/silhouette/687.png,malamar,Gyarados
data/images/silhouette/688.png,binacle,Porygon
data/images/silhouette/689.png,barbaracle,Gengar
data/images/silhouette/690.png,skrelp,Pikachu
data/images/silhouette/691.png,dragalge,Porygon
data/images/silhouette/692.png,clauncher,Porygon
data/images/silhouette/693.png,clawitzer,Gyarados
data/images/silhouette/694.png,helioptile,Porygon
data/images/silhouette/695.png,heliolisk,Pikachu
data/images/silhouette/696.png,tyrunt,Gyarados
data/images/silhouette/697.png,tyrantrum,Dragonite
data/images/silhouette/698.png,amaura,Porygon
data/images/silhouette/699.png,aurorus,Gyarados
data/images/silhouette/700.png,sylveon,Pikachu
data/images/silhouette/701.png,hawlucha,Pidgey
data/images/silhouette/702.png,dedenne,Mime Jr.
data/images/silhouette/703.png,carbink,Roserade
data/images/silhouette/704.png,goomy,Porygon
data/images/silhouette/705-Hisui.png,sliggoo-hisui,Porygon
data/images/silhouette/705.png,sliggoo,Porygon
data/images/silhouette/706-Hisui.png,goodra-hisui,Gyarados
data/images/silhouette/706.png,goodra,Pikachu
data/images/silhouette/707.png,klefki,Pikachu
data/images/silhouette/708.png,phantump,Gengar
data/images/silhouette/709.png,trevenant,Gengar
data/images/silhouette/710.png,pumpkaboo-average,Gengar
data/images/silhouette/711.png,gourgeist-average,Palkia
data/images/silhouette/712.png,bergmite,Gyarados
data/images/silhouette/713-Hisui.png,avalugg-hisui,Gyarados
data/images/silhouette/713.png,avalugg,Gengar
data/images/silhouette/714.png,noibat,Poliwag
data/images/silhouette/715.png,noivern,Pidgeot
data/images/silhouette/716.png,xerneas,Stantler
data/images/silhouette/717.png,yveltal,Gyarados
data/images/silhouette/718-10.png,zygarde-50-10,Gyarados
data/images/silhouette/718-Cell.png,zygarde-50-cell,Pikachu
data/images/silhouette/718-Complete.png,zygarde-50-complete,Gyarados
data/images/silhouette/718-Core.png,zygarde-50-core,Goldeen
data/images/silhouette/718.png,zygarde-50,Gyarados
data/images/silhouette/719-Mega.png,diancie-mega,Gardevoir
data/images/silhouette/719.png,diancie,Pikachu
data/images/silhouette/720-Unbound.png,hoopa-unbound,Golbat
data/images/silhouette/720.png,hoopa,Pikachu
data/images/silhouette/721.png,volcanion,Pancham
data/images/silhouette/722.png,rowlet,Goldeen
data/images/silhouette/723.png,dartrix,Pikipek
data/images/silhouette/724-Hisui.png,decidueye-hisui,Poliwag
data/images/silhouette/724.png,decidueye,Pidgeot
data/images/silhouette/725.png,litten,Gengar
data/images/silhouette/726.png,torracat,Pikachu
data/images/silhouette/727.png,incineroar,Pikachu
data/images/silhouette/728.png,popplio,Porygon
data/images/silhouette/729.png,brionne,Goldeen
data/images/silhouette/730.png,primarina,Porygon
data/images/silhouette/731.png,pikipek,pikipek
data/images/silhouette/732.png,trumbeak,Pikipek
data/images/silhouette/733.png,toucannon,Pikachu
data/images/silhouette/734.png,yungoos,Pikachu
data/images/silhouette/735.png,gumshoos,Pikachu
data/images/silhouette/736.png,grubbin,Pacifmon
data/images/silhouette/737.png,charjabug,Porygon
data/images/silhouette/738.png,vikavolt,Gyarados
data/images/silhouette/739.png,crabrawler,Porygon
data/images/silhouette/740.png,crabominable,Pikachu
data/images/silhouette/741-Pau.png,oricorio-baile-pau,Pikipek
data/images/silhouette/741-Pom-Pom.png,oricorio-baile-pom-pom,Porygon
data/images/silhouette/741-Sensu.png,oricorio-baile-sensu,Pikachu
data/images/silhouette/741.png,oricorio-baile,Pikachu
data/images/silhouette/742.png,cutiefly,Poliwag
data/images/silhouette/743.png,ribombee,Pikipek
data/images/silhouette/744.png,rockruff,Pikachu
data/images/silhouette/745-Dusk.png,lycanroc-midday-dusk,Lycanroc
data/images/silhouette/745-Midnight.png,lycanroc-midday-midnight,Pikachu
data/images/silhouette/745.png,lycanroc-midday,Pikachu
data/images/silhouette/746-School.png,wishiwashi-solo-school,Gyarados
data/images/silhouette/746.png,wishiwashi-solo,Kangaskhan
data/images/silhouette/747.png,mareanie,Gyarados
data/images/silhouette/748.png,toxapex,Gyarados
data/images/silhouette/749.png,mudbray,Ponyta
data/images/silhouette/750.png,mudsdale,Golem
data/images/silhouette/751.png,dewpider,Porygon
data/images/silhouette/752.png,araquanid,Mime Jr.
data/images/silhouette/753.png,fomantis,Porygon
data/images/silhouette/754.png,lurantis,Pikachu
data/images/silhouette/755.png,morelull,Porygon
data/images/silhouette/756.png,shiinotic,Musharna
data/images/silhouette/757.png,salandit,Gyarados
data/images/silhouette/758.png,salazzle,Gyarados
data/images/silhouette/759.png,stufful,Pancham
data/images/silhouette/760.png,bewear,Pancham
data/images/silhouette/761.png,bounsweet,Porygon
data/images/silhouette/762.png,steenee,Porygon
data/images/silhouette/763.png,tsareena,Mime Jr.
data/images/silhouette/764.png,comfey,Gyarados
data/images/silhouette/765.png,oranguru,Pikachu
data/images/silhouette/766.png,passimian,Pikachu
data/images/silhouette/767.png,wimpod,Pikachu
data/images/silhouette/768.png,golisopod,Gyarados
data/images/silhouette/769.png,sandygast,Porygon
data/images/silhouette/770.png,palossand,Gyarados
data/images/silhouette/771.png,pyukumuku,Porygon
data/images/silhouette/772.png,type-null,Gyarados
data/images/silhouette/773.png,silvally,Gyarados
data/images/silhouette/774-Red.png,minior-red-meteor-red,Gyarados
data/images/silhouette/774.png,minior-red-meteor,Golem
data/images/silhouette/775.png,komala,Mime Jr.
data/images/silhouette/776.png,turtonator,Gyarados
data/images/silhouette/777.png,togedemaru,Pikachu
data/images/silhouette/778-Busted.png,mimikyu-disguised-busted,Pikachu
data/images/silhouette/778.png,mimikyu-disguised,Pikachu
data/images/silhouette/779.png,bruxish,Goldeen
data/images/silhouette/780.png,drampa,Gyarados
data/images/silhouette/781.png,dhelmise,Gyarados
data/images/silhouette/782.png,jangmo-o,Pikachu
data/images/silhouette/783.png,hakamo-o,Pikachu
data/images/silhouette/784.png,kommo-o,Gardevoir
data/images/silhouette/785.png,tapu-koko,Gyarados
data/images/silhouette/786.png,tapu-lele,Porygon
data/images/silhouette/787.png,tapu-bulu,Pancham
data/images/silhouette/788.png,tapu-fini,Pikachu
data/images/silhouette/789.png,cosmog,Goldeen
data/images/silhouette/790.png,cosmoem,Gyarados
data/images/silhouette/791-Radiant-Sun-Phase.png,solgaleo-radiant-sun-phase,Gyarados
data/images/silhouette/791.png,solgaleo,Gyarados
data/images/silhouette/792-Full-Moon-Phase.png,lunala-full-moon-phase,Gyarados
data/images/silhouette/792.png,lunala,Gengar
data/images/silhouette/793.png,nihilego,Gengar
data/images/silhouette/794.png,buzzwole,Gyarados
data/images/silhouette/795.png,pheromosa,Porygon
data/images/silhouette/796.png,xurkitree,Gyarados
data/images/silhouette/797.png,celesteela,Gengar
data/images/silhouette/798.png,kartana,Gyarados
data/images/silhouette/799.png,guzzlord,Gyarados
data/images/silhouette/800-Dawn.png,necrozma-dawn,Gengar
data/images/silhouette/800-Dusk.png,necrozma-dusk,Gyarados
data/images/silhouette/800-Ultra.png,necrozma-ultra,Gyarados
data/images/silhouette/800.png,necrozma,Gyarados
data/images/silhouette/801-Original.png,magearna-original,Porygon
data/images/silhouette/801.png,magearna,Porygon
data/images/silhouette/802.png,marshadow,Mime Jr.
data/images/silhouette/803.png,poipole,Porygon
data/images/silhouette/804.png,naganadel,Gyarados
data/images/silhouette/805.png,stakataka,Golem
data/images/silhouette/806.png,blacephalon,Porygon
data/images/silhouette/807.png,zeraora,Gengar
data/images/silhouette/808.png,meltan,Gyarados
data/images/silhouette/809-Gmax.png,melmetal-gmax,Poliwag
data/images/silhouette/809.png,melmetal,Gyarados
data/images/silhouette/810.png,grookey,Pancham
data/images/silhouette/811.png,thwackey,Pikachu
data/images/silhouette/812-Gmax.png,rillaboom-gmax,Gyarados
data/images/silhouette/812.png,rillaboom,Groudon
data/images/silhouette/813.png,scorbunny,Porygon
data/images/silhouette/814.png,raboot,Pikachu
data/images/silhouette/815-Gmax.png,cinderace-gmax,Gyarados
data/images/silhouette/815.png,cinderace,Poliwag
data/images/silhouette/816.png,sobble,Porygon
data/images/silhouette/817.png,drizzile,Pikachu
data/images/silhouette/818-Gmax.png,inteleon-gmax,Gyarados
data/images/silhouette/818.png,inteleon,Porygon
data/images/silhouette/819.png,skwovet,Pikachu
data/images/silhouette/820.png,greedent,Porygon
data/images/silhouette/821.png,rookidee,Pikipek
data/images/silhouette/822.png,corvisquire,Pidgey
data/images/silhouette/823-Gmax.png,corviknight-gmax,Pidgeot
data/images/silhouette/823.png,corviknight,Pikipek
data/images/silhouette/824.png,blipbug,Porygon
data/images/silhouette/825.png,dottler,Porygon
data/images/silhouette/826-Gmax.png,orbeetle-gmax,Porygon
data/images/silhouette/826.png,orbeetle,Poliwag
data/images/silhouette/827.png,nickit,Poliwag
data/images/silhouette/828.png,thievul,Vulpix
data/images/silhouette/829.png,gossifleur,Gyarados
data/images/silhouette/830.png,eldegoss,Porygon
data/images/silhouette/831.png,wooloo,Pancham
data/images/silhouette/832.png,dubwool,Pancham
data/images/silhouette/833.png,chewtle,Piplup
data/images/silhouette/834-Gmax.png,drednaw-gmax,Pikachu
data/images/silhouette/834.png,drednaw,Porygon
data/images/silhouette/835.png,yamper,Pikachu
data/images/silhouette/836.png,boltund,Pikachu
data/images/silhouette/837.png,rolycoly,Gyarados
data/images/silhouette/838.png,carkol,Gengar
data/images/silhouette/839-Gmax.png,coalossal-gmax,Pikachu
data/images/silhouette/839.png,coalossal,Pikachu
data/images/silhouette/840.png,applin,Porygon
data/images/silhouette/841-Gmax.png,flapple-gmax,Porygon
data/images/silhouette/841.png,flapple,Porygon
data/images/silhouette/842.png,appletun,Porygon
data/images/silhouette/843.png,silicobra,Gyarados
data/images/silhouette/844-Gmax.png,sandaconda-gmax,Gyarados
data/images/silhouette/844.png,sandaconda,Porygon
data/images/silhouette/845-Gorging.png,cramorant-gorging,Poliwag
data/images/silhouette/845-Gulping.png,cramorant-gulping,Pikachu
data/images/silhouette/845.png,cramorant,Porygon
data/images/silhouette/846.png,arrokuda,Porygon
data/images/silhouette/847.png,barraskewda,Pikachu
data/images/silhouette/848.png,toxel,Pikachu
data/images/silhouette/849-Amped-Gmax.png,toxtricity-amped-amped-gmax,Pikachu
data/images/silhouette/849-Low-Key.png,toxtricity-amped-low-key,Gyarados
data/images/silhouette/849.png,toxtricity-amped,Gengar
data/images/silhouette/850.png,sizzlipede,Poliwag
data/images/silhouette/851-Gmax.png,centiskorch-gmax,Gyarados
data/images/silhouette/851.png,centiskorch,Gyarados
data/images/silhouette/852.png,clobbopus,Porygon
data/images/silhouette/853.png,grapploct,Porygon
data/images/silhouette/854.png,sinistea,Pichu
data/images/silhouette/855.png,polteageist,Porygon
data/images/silhouette/856.png,hatenna,Porygon
data/images/silhouette/857.png,hattrem,Porygon
data/images/silhouette/858-Gmax.png,hatterene-gmax,Gyarados
data/images/silhouette/858.png,hatterene,Porygon
data/images/silhouette/859.png,impidimp,Pikachu
data/images/silhouette/860.png,morgrem,Gengar
data/images/silhouette/861-Gmax.png,grimmsnarl-gmax,Gengar
data/images/silhouette/861.png,grimmsnarl,Gengar
data/images/silhouette/862.png,obstagoon,Pikachu
data/images/silhouette/863.png,perrserker,Pikachu
data/images/silhouette/864.png,cursola,Goldeen
data/images/silhouette/865.png,sirfetchd,Gyarados
data/images/silhouette/866.png,mr-rime,Porygon
data/images/silhouette/867.png,runerigus,Gengar
data/images/silhouette/868.png,milcery,Porygon
data/images/silhouette/869-Gmax.png,alcremie-gmax,Golem
data/images/silhouette/869.png,alcremie,Gloom
data/images/silhouette/870.png,falinks,Gyarados
data/images/silhouette/871.png,pincurchin,Gyarados
data/images/silhouette/872.png,snom,Gyarados
data/images/silhouette/873.png,frosmoth,Porygon
data/images/silhouette/874.png,stonjourner,Gyarados
data/images/silhouette/875-Noice.png,eiscue-ice-noice,Piplup
data/images/silhouette/875.png,eiscue-ice,Porygon
data/images/silhouette/876-Female.png,indeedee-male-female,Porygon
data/images/silhouette/876-Male-Female.png,indeedee-male-male-female,Mime Jr.
data/images/silhouette/876.png,indeedee-male,Mime Jr.
data/images/silhouette/877-Hangry.png,morpeko-full-belly-hangry,Pikachu
data/images/silhouette/877.png,morpeko-full-belly,Pikachu
data/images/silhouette/878.png,cufant,Porygon
data/images/silhouette/879-Gmax.png,copperajah-gmax,Gengar
data/images/silhouette/879.png,copperajah,Mammuton
data/images/silhouette/880.png,dracozolt,Gyarados
data/images/silhouette/881.png,arctozolt,Porygon
data/images/silhouette/882.png,dracovish,Pikachu
data/images/silhouette/883.png,arctovish,Porygon
data/images/silhouette/884-Gmax.png,duraludon-gmax,Pikachu
data/images/silhouette/884.png,duraludon,Gyarados
data/images/silhouette/885.png,dreepy,Gyarados
data/images/silhouette/886.png,drakloak,Gyarados
data/images/silhouette/887.png,dragapult,Gyarados
data/images/silhouette/888-Crowned.png,zacian-crowned,Pidgeot
data/images/silhouette/888.png,zacian,Houndoom
data/images/silhouette/889-Crowned.png,zamazenta-crowned,Pikachu
data/images/silhouette/889.png,zamazenta,Pikachu
data/images/silhouette/890-Eternamax.png,eternatus-eternamax,Gyarados
data/images/silhouette/890.png,eternatus,Scizor
data/images/silhouette/891.png,kubfu,Pikachu
data/images/silhouette/892-Rapid-Strike-Gmax.png,urshifu-single-strike-rapid-strike-gmax,Gyarados
data/images/silhouette/892-Rapid-Strike.png,urshifu-single-strike-rapid-strike,Gyarados
data/images/silhouette/892-Single-Strike-Gmax.png,urshifu-single-strike-single-strike-gmax,Groudon
data/images/silhouette/892.png,urshifu-single-strike,Groudon
data/images/silhouette/893-Dada.png,zarude-dada,Gengar
data/images/silhouette/893.png,zarude,Gengar
data/images/silhouette/894.png,regieleki,Gyarados
data/images/silhouette/895.png,regidrago,Gyarados
data/images/silhouette/896.png,glastrier,Gyarados
data/images/silhouette/897.png,spectrier,Gyarados
data/images/silhouette/898-Ice.png,calyrex-ice,Pikachu
data/images/silhouette/898-Shadow.png,calyrex-shadow,Gyarados
data/images/silhouette/898.png,calyrex,Porygon
data/images/silhouette/899.png,wyrdeer,Munchlax
data/images/silhouette/900.png,kleavor,Gyarados
data/images/silhouette/901.png,ursaluna,Porygon
data/images/silhouette/902.png,basculegion-male,Gyarados
data/images/silhouette/903.png,sneasler,Gengar
data/images/silhouette/904.png,overqwil,Mega Rayquaza
data/images/silhouette/905-Therian.png,enamorus-incarnate-therian,Gyarados
data/images/silhouette/905.png,enamorus-incarnate,Mime Jr.
