image_path,prediction,label
data/images/hq/001.png,bulbasaur,bulbasaur
data/images/hq/002.png,ivysaur,ivysaur
data/images/hq/003-Gmax.png,Venusaur,venusaur-gmax
data/images/hq/003-Mega.png,Venusaur,venusaur-mega
data/images/hq/003.png,venusaur,venusaur
data/images/hq/004.png,charmander,charmander
data/images/hq/005.png,charmeleon,charmeleon
data/images/hq/006-Gmax.png,Charizard,charizard-gmax
data/images/hq/006-Mega-X.png,Squirtle,charizard-mega-x
data/images/hq/006-Mega-Y.png,Wartortle,charizard-mega-y
data/images/hq/006.png,Blastoise,charizard
data/images/hq/007.png,squirtle,squirtle
data/images/hq/008.png,wartortle,wartortle
data/images/hq/009-Gmax.png,Blastoise,blastoise-gmax
data/images/hq/009-Mega.png,Blastoise,blastoise-mega
data/images/hq/009.png,blastoise,blastoise
data/images/hq/010.png,caterpie,caterpie
data/images/hq/011.png,metapod,metapod
data/images/hq/012-Gmax.png,Butterfree,butterfree-gmax
data/images/hq/012.png,butterfree,butterfree
data/images/hq/013.png,weedle,weedle
data/images/hq/014.png,kakuna,kakuna
data/images/hq/015-Mega.png,Beedrill,beedrill-mega
data/images/hq/015.png,beedrill,beedrill
data/images/hq/016.png,Pidgeot,pidgey
data/images/hq/017.png,Pidgeot,pidgeotto
data/images/hq/018-Mega.png,Pidgeot,pidgeot-mega
data/images/hq/018.png,pidgeot,pidgeot
data/images/hq/019-Alola.png,Rattata,rattata-alola
data/images/hq/019.png,Raticate,rattata
data/images/hq/020-Alola.png,Raticate,raticate-alola
data/images/hq/020.png,raticate,raticate
data/images/hq/021.png,Sprigatito,spearow
data/images/hq/022.png,Sprigatito,fearow
data/images/hq/023.png,Arbok,ekans
data/images/hq/024.png,Haunter,arbok
data/images/hq/025-Alola-Cap.png,Pikachu,pikachu-alola-cap
data/images/hq/025-Belle.png,Pikachu,pikachu-belle
data/images/hq/025-Cosplay.png,Pikachu,pikachu-cosplay
data/images/hq/025-Gmax.png,Pikachu,pikachu-gmax
data/images/hq/025-Hoenn-Cap.png,Pikachu,pikachu-hoenn-cap
data/images/hq/025-Kalos-Cap.png,Pikachu,pikachu-kalos-cap
data/images/hq/025-Libre.png,Pikachu,pikachu-libre
data/images/hq/025-Original-Cap.png,Pikachu,pikachu-original-cap
data/images/hq/025-Partner-Cap.png,Pikachu,pikachu-partner-cap
data/images/hq/025-Phd.png,Pikachu,pikachu-phd
data/images/hq/025-Pop-Star.png,Pikachu,pikachu-pop-star
data/images/hq/025-Rock-Star.png,Pikachu,pikachu-rock-star
data/images/hq/025-Sinnoh-Cap.png,Pikachu,pikachu-sinnoh-cap
data/images/hq/025-Starter.png,Pikachu,pikachu-starter
data/images/hq/025-Unova-Cap.png,Pikachu,pikachu-unova-cap
data/images/hq/025-World-Cap.png,Pikachu,pikachu-world-cap
data/images/hq/025.png,pikachu,pikachu
data/images/hq/026-Alola.png,Raichu,raichu-alola
data/images/hq/026.png,raichu,raichu
data/images/hq/027-Alola.png,Spheal,sandshrew-alola
data/images/hq/027.png,sandshrew,sandshrew
data/images/hq/028-Alola.png,Spheal,sandslash-alola
data/images/hq/028.png,Cyndaquil,sandslash
data/images/hq/029.png,Phanpy,nidoran-f
data/images/hq/030.png,Phanpy,nidorina
data/images/hq/031.png,Phanpy,nidoqueen
data/images/hq/032.png,Nidoran,nidoran-m
data/images/hq/033.png,Nidorina,nidorino
data/images/hq/034.png,nidoking,nidoking
data/images/hq/035.png,clefairy,clefairy
data/images/hq/036.png,clefable,clefable
data/images/hq/037-Alola.png,vulpix-alola,vulpix-alola
data/images/hq/037.png,vulpix,vulpix
data/images/hq/038-Alola.png,Rapidash,ninetales-alola
data/images/hq/038.png,ninetales,ninetales
data/images/hq/039.png,jigglypuff,jigglypuff
data/images/hq/040.png,wigglytuff,wigglytuff
data/images/hq/041.png,Crobat,zubat
data/images/hq/042.png,golbat,golbat
data/images/hq/043.png,oddish,oddish
data/images/hq/044.png,Tentacool,gloom
data/images/hq/045.png,Tentacruel,vileplume
data/images/hq/046.png,paras,paras
data/images/hq/047.png,parasect,parasect
data/images/hq/048.png,venonat,venonat
data/images/hq/049.png,venomoth,venomoth
data/images/hq/050-Alola.png,Exeggcute,diglett-alola
data/images/hq/050.png,diglett,diglett
data/images/hq/051-Alola.png,Exeggutor,dugtrio-alola
data/images/hq/051.png,dugtrio,dugtrio
data/images/hq/052-Alola.png,Meowth,meowth-alola
data/images/hq/052-Galar.png,Persian,meowth-galar
data/images/hq/052-Gmax.png,Growlithe,meowth-gmax
data/images/hq/052.png,Arcanine,meowth
data/images/hq/053-Alola.png,Espeon,persian-alola
data/images/hq/053.png,Mankey,persian
data/images/hq/054.png,psyduck,psyduck
data/images/hq/055.png,Totodile,golduck
data/images/hq/056.png,Abra,mankey
data/images/hq/057.png,Mankey,primeape
data/images/hq/058-Hisui.png,Bewear,growlithe-hisui
data/images/hq/058.png,Mankey,growlithe
data/images/hq/059-Hisui.png,Arcanine,arcanine-hisui
data/images/hq/059.png,Growlithe,arcanine
data/images/hq/060.png,poliwag,poliwag
data/images/hq/061.png,Poliwrath,poliwhirl
data/images/hq/062.png,poliwrath,poliwrath
data/images/hq/063.png,abra,abra
data/images/hq/064.png,Alakazam,kadabra
data/images/hq/065-Mega.png,Alakazam,alakazam-mega
data/images/hq/065.png,alakazam,alakazam
data/images/hq/066.png,machop,machop
data/images/hq/067.png,Machamp,machoke
data/images/hq/068-Gmax.png,Machamp,machamp-gmax
data/images/hq/068.png,machamp,machamp
data/images/hq/069.png,bellsprout,bellsprout
data/images/hq/070.png,Bellsprout,weepinbell
data/images/hq/071.png,Weepinbell,victreebel
data/images/hq/072.png,tentacool,tentacool
data/images/hq/073.png,tentacruel,tentacruel
data/images/hq/074-Alola.png,Roggenrola,geodude-alola
data/images/hq/074.png,geodude,geodude
data/images/hq/075-Alola.png,Corphish,graveler-alola
data/images/hq/075.png,Rhyhorn,graveler
data/images/hq/076-Alola.png,Rhyperior,golem-alola
data/images/hq/076.png,Torterra,golem
data/images/hq/077-Galar.png,Absol,ponyta-galar
data/images/hq/077.png,ponyta,ponyta
data/images/hq/078-Galar.png,Rapidash,rapidash-galar
data/images/hq/078.png,rapidash,rapidash
data/images/hq/079-Galar.png,Slowpoke,slowpoke-galar
data/images/hq/079.png,Slowbro,slowpoke
data/images/hq/080-Galar.png,Slowbro,slowbro-galar
data/images/hq/080-Mega.png,Shellder,slowbro-mega
data/images/hq/080.png,slowbro,slowbro
data/images/hq/081.png,magnemite,magnemite
data/images/hq/082.png,magneton,magneton
data/images/hq/083-Galar.png,Farfetch'd,farfetchd-galar
data/images/hq/083.png,Doduo,farfetchd
data/images/hq/084.png,doduo,doduo
data/images/hq/085.png,dodrio,dodrio
data/images/hq/086.png,seel,seel
data/images/hq/087.png,dewgong,dewgong
data/images/hq/088-Alola.png,Muk,grimer-alola
data/images/hq/088.png,grimer,grimer
data/images/hq/089-Alola.png,Muk,muk-alola
data/images/hq/089.png,Ditto,muk
data/images/hq/090.png,Koffing,shellder
data/images/hq/091.png,Weezing,cloyster
data/images/hq/092.png,Koffing,gastly
data/images/hq/093.png,haunter,haunter
data/images/hq/094-Gmax.png,Weezing,gengar-gmax
data/images/hq/094-Mega.png,Haunter,gengar-mega
data/images/hq/094.png,Haunter,gengar
data/images/hq/095.png,onix,onix
data/images/hq/096.png,Hypno,drowzee
data/images/hq/097.png,Mankey,hypno
data/images/hq/098.png,Mankey,krabby
data/images/hq/099-Gmax.png,Garbodor,kingler-gmax
data/images/hq/099.png,Crabrawler,kingler
data/images/hq/100-Hisui.png,Voltorb,voltorb-hisui
data/images/hq/100.png,voltorb,voltorb
data/images/hq/101-Hisui.png,Electrode,electrode-hisui
data/images/hq/101.png,electrode,electrode
data/images/hq/102.png,exeggcute,exeggcute
data/images/hq/103-Alola.png,Exeggutor,exeggutor-alola
data/images/hq/103.png,Tangela,exeggutor
data/images/hq/104.png,cubone,cubone
data/images/hq/105-Alola.png,Haunter,marowak-alola
data/images/hq/105.png,Hitmonlee,marowak
data/images/hq/106.png,Hitmonchan,hitmonlee
data/images/hq/107.png,hitmonchan,hitmonchan
data/images/hq/108.png,Slowbro,lickitung
data/images/hq/109.png,Weezing,koffing
data/images/hq/110-Galar.png,Graveler,weezing-galar
data/images/hq/110.png,Muk,weezing
data/images/hq/111.png,Rhydon,rhyhorn
data/images/hq/112.png,Chansey,rhydon
data/images/hq/113.png,chansey,chansey
data/images/hq/114.png,Tangrowth,tangela
data/images/hq/115-Mega.png,Kangaskhan,kangaskhan-mega
data/images/hq/115.png,kangaskhan,kangaskhan
data/images/hq/116.png,horsea,horsea
data/images/hq/117.png,seadra,seadra
data/images/hq/118.png,goldeen,goldeen
data/images/hq/119.png,Magikarp,seaking
data/images/hq/120.png,staryu,staryu
data/images/hq/121.png,starmie,starmie
data/images/hq/122-Galar.png,Mr. Mime,mr-mime-galar
data/images/hq/122.png,Jynx,mr-mime
data/images/hq/123.png,scyther,scyther
data/images/hq/124.png,jynx,jynx
data/images/hq/125.png,electabuzz,electabuzz
data/images/hq/126.png,Magby,magmar
data/images/hq/127-Mega.png,Scizor,pinsir-mega
data/images/hq/127.png,Steelix,pinsir
data/images/hq/128.png,tauros,tauros
data/images/hq/129.png,magikarp,magikarp
data/images/hq/130-Mega.png,Yveltal,gyarados-mega
data/images/hq/130.png,gyarados,gyarados
data/images/hq/131-Gmax.png,Lapras,lapras-gmax
data/images/hq/131.png,lapras,lapras
data/images/hq/132.png,ditto,ditto
data/images/hq/133-Gmax.png,Incineroar,eevee-gmax
data/images/hq/133-Starter.png,Eevee,eevee-starter
data/images/hq/133.png,eevee,eevee
data/images/hq/134.png,vaporeon,vaporeon
data/images/hq/135.png,jolteon,jolteon
data/images/hq/136.png,flareon,flareon
data/images/hq/137.png,Porygon2,porygon
data/images/hq/138.png,omanyte,omanyte
data/images/hq/139.png,omastar,omastar
data/images/hq/140.png,Shellos,kabuto
data/images/hq/141.png,Scyther,kabutops
data/images/hq/142-Mega.png,Palkia,aerodactyl-mega
data/images/hq/142.png,Crobat,aerodactyl
data/images/hq/143-Gmax.png,Snorlax,snorlax-gmax
data/images/hq/143.png,snorlax,snorlax
data/images/hq/144-Galar.png,Spiritomb,articuno-galar
data/images/hq/144.png,articuno,articuno
data/images/hq/145-Galar.png,Moltres,zapdos-galar
data/images/hq/145.png,zapdos,zapdos
data/images/hq/146-Galar.png,Yveltal,moltres-galar
data/images/hq/146.png,Dragonite,moltres
data/images/hq/147.png,dratini,dratini
data/images/hq/148.png,dragonair,dragonair
data/images/hq/149.png,dragonite,dragonite
data/images/hq/150-Mega-X.png,Mewtwo,mewtwo-mega-x
data/images/hq/150-Mega-Y.png,Mewtwo,mewtwo-mega-y
data/images/hq/150.png,mewtwo,mewtwo
data/images/hq/151.png,mew,mew
data/images/hq/152.png,chikorita,chikorita
data/images/hq/153.png,Brachiosaurus,bayleef
data/images/hq/154.png,Bellossom,meganium
data/images/hq/155.png,cyndaquil,cyndaquil
data/images/hq/156.png,quilava,quilava
data/images/hq/157-Hisui.png,Typhlosion,typhlosion-hisui
data/images/hq/157.png,typhlosion,typhlosion
data/images/hq/158.png,totodile,totodile
data/images/hq/159.png,croconaw,croconaw
data/images/hq/160.png,feraligatr,feraligatr
data/images/hq/161.png,sentret,sentret
data/images/hq/162.png,furret,furret
data/images/hq/163.png,hoothoot,hoothoot
data/images/hq/164.png,noctowl,noctowl
data/images/hq/165.png,Spinarak,ledyba
data/images/hq/166.png,Girafarig,ledian
data/images/hq/167.png,Ledyba,spinarak
data/images/hq/168.png,ariados,ariados
data/images/hq/169.png,crobat,crobat
data/images/hq/170.png,chinchou,chinchou
data/images/hq/171.png,lanturn,lanturn
data/images/hq/172.png,pichu,pichu
data/images/hq/173.png,cleffa,cleffa
data/images/hq/174.png,igglybuff,igglybuff
data/images/hq/175.png,togepi,togepi
data/images/hq/176.png,togetic,togetic
data/images/hq/177.png,Seedot,natu
data/images/hq/178.png,Nuzleaf,xatu
data/images/hq/179.png,mareep,mareep
data/images/hq/180.png,Blissey,flaaffy
data/images/hq/181-Mega.png,Ampharos,ampharos-mega
data/images/hq/181.png,Kangaskhan,ampharos
data/images/hq/182.png,Lilligant,bellossom
data/images/hq/183.png,Azumarill,marill
data/images/hq/184.png,Azurill,azumarill
data/images/hq/185.png,sudowoodo,sudowoodo
data/images/hq/186.png,politoed,politoed
data/images/hq/187.png,Jigglypuff,hoppip
data/images/hq/188.png,Cherrim,skiploom
data/images/hq/189.png,Corphish,jumpluff
data/images/hq/190.png,aipom,aipom
data/images/hq/191.png,Carnivine,sunkern
data/images/hq/192.png,sunflora,sunflora
data/images/hq/193.png,Scyther,yanma
data/images/hq/194.png,Porygon2,wooper
data/images/hq/195.png,Wooper,quagsire
data/images/hq/196.png,espeon,espeon
data/images/hq/197.png,umbreon,umbreon
data/images/hq/198.png,murkrow,murkrow
data/images/hq/199-Galar.png,Brongzor,slowking-galar
data/images/hq/199.png,Slowbro,slowking
data/images/hq/200.png,Mareanie,misdreavus
data/images/hq/201.png,Porygon,unown
data/images/hq/202.png,wobbuffet,wobbuffet
data/images/hq/203.png,girafarig,girafarig
data/images/hq/204.png,Aggron,pineco
data/images/hq/205.png,Cradily,forretress
data/images/hq/206.png,Wailord,dunsparce
data/images/hq/207.png,Crawdaunt,gligar
data/images/hq/208-Mega.png,Kyogre,steelix-mega
data/images/hq/208.png,Claydol,steelix
data/images/hq/209.png,Stufful,snubbull
data/images/hq/210.png,Bewear,granbull
data/images/hq/211-Hisui.png,Qwilfish,qwilfish-hisui
data/images/hq/211.png,Mareanie,qwilfish
data/images/hq/212-Mega.png,Scizor,scizor-mega
data/images/hq/212.png,Scyther,scizor
data/images/hq/213.png,Remoraid,shuckle
data/images/hq/214-Mega.png,Escavalier,heracross-mega
data/images/hq/214.png,heracross,heracross
data/images/hq/215-Hisui.png,Sneasel,sneasel-hisui
data/images/hq/215.png,Greninja,sneasel
data/images/hq/216.png,Buneary,teddiursa
data/images/hq/217.png,ursaring,ursaring
data/images/hq/218.png,Litten,slugma
data/images/hq/219.png,Crabominable,magcargo
data/images/hq/220.png,Tepig,swinub
data/images/hq/221.png,Pignite,piloswine
data/images/hq/222-Galar.png,Wooloo,corsola-galar
data/images/hq/222.png,corsola,corsola
data/images/hq/223.png,Finneon,remoraid
data/images/hq/224.png,octillery,octillery
data/images/hq/225.png,Scorbunny,delibird
data/images/hq/226.png,Spinda,mantine
data/images/hq/227.png,Braviary,skarmory
data/images/hq/228.png,Herdier,houndour
data/images/hq/229-Mega.png,Terrakion,houndoom-mega
data/images/hq/229.png,Herdier,houndoom
data/images/hq/230.png,Horsea,kingdra
data/images/hq/231.png,phanpy,phanpy
data/images/hq/232.png,Aron,donphan
data/images/hq/233.png,porygon2,porygon2
data/images/hq/234.png,Sawsbuck,stantler
data/images/hq/235.png,Mankey,smeargle
data/images/hq/236.png,Bronzor,tyrogue
data/images/hq/237.png,Dusknoir,hitmontop
data/images/hq/238.png,Happiny,smoochum
data/images/hq/239.png,Electabuzz,elekid
data/images/hq/240.png,Buneary,magby
data/images/hq/241.png,Munchlax,miltank
data/images/hq/242.png,Audino,blissey
data/images/hq/243.png,Growlithe,raikou
data/images/hq/244.png,Braviary,entei
data/images/hq/245.png,suicune,suicune
data/images/hq/246.png,Budew,larvitar
data/images/hq/247.png,Shellder,pupitar
data/images/hq/248-Mega.png,Ferrothorn,tyranitar-mega
data/images/hq/248.png,Tyrantrum,tyranitar
data/images/hq/249.png,Kyurem,lugia
data/images/hq/250.png,ho-oh,ho-oh
data/images/hq/251.png,celebi,celebi
data/images/hq/252.png,treecko,treecko
data/images/hq/253.png,grovyle,grovyle
data/images/hq/254-Mega.png,Tropius,sceptile-mega
data/images/hq/254.png,sceptile,sceptile
data/images/hq/255.png,torchic,torchic
data/images/hq/256.png,combusken,combusken
data/images/hq/257-Mega.png,Blaziken,blaziken-mega
data/images/hq/257.png,Talonflame,blaziken
data/images/hq/258.png,mudkip,mudkip
data/images/hq/259.png,marshtomp,marshtomp
data/images/hq/260-Mega.png,Swampert,swampert-mega
data/images/hq/260.png,Infernape,swampert
data/images/hq/261.png,Lillipup,poochyena
data/images/hq/262.png,Herdier,mightyena
data/images/hq/263-Galar.png,Togedemaru,zigzagoon-galar
data/images/hq/263.png,Pikipek,zigzagoon
data/images/hq/264-Galar.png,Mareanie,linoone-galar
data/images/hq/264.png,Wishiwashi,linoone
data/images/hq/265.png,Litten,wurmple
data/images/hq/266.png,Togepi,silcoon
data/images/hq/267.png,Cutiefly,beautifly
data/images/hq/268.png,Toxapex,cascoon
data/images/hq/269.png,Ribombee,dustox
data/images/hq/270.png,Shellos,lotad
data/images/hq/271.png,Grookey,lombre
data/images/hq/272.png,Grookey,ludicolo
data/images/hq/273.png,Dwebble,seedot
data/images/hq/274.png,Mankey,nuzleaf
data/images/hq/275.png,Skiddo,shiftry
data/images/hq/276.png,Fletchling,taillow
data/images/hq/277.png,Fletchinder,swellow
data/images/hq/278.png,Pikipek,wingull
data/images/hq/279.png,pelipper,pelipper
data/images/hq/280.png,Budew,ralts
data/images/hq/281.png,kirlia,kirlia
data/images/hq/282-Mega.png,Gardevoir,gardevoir-mega
data/images/hq/282.png,Milotic,gardevoir
data/images/hq/283.png,Chinchou,surskit
data/images/hq/284.png,Wingull,masquerain
data/images/hq/285.png,Clobbopus,shroomish
data/images/hq/286.png,Salandit,breloom
data/images/hq/287.png,Sprigatito,slakoth
data/images/hq/288.png,Popplio,vigoroth
data/images/hq/289.png,Eiscue,slaking
data/images/hq/290.png,Dewpider,nincada
data/images/hq/291.png,Combee,ninjask
data/images/hq/292.png,Aron,shedinja
data/images/hq/293.png,Azurill,whismur
data/images/hq/294.png,loudred,loudred
data/images/hq/295.png,Machoke,exploud
data/images/hq/296.png,Mankey,makuhita
data/images/hq/297.png,Makuhita,hariyama
data/images/hq/298.png,Electrike,azurill
data/images/hq/299.png,nosepass,nosepass
data/images/hq/300.png,Spoink,skitty
data/images/hq/301.png,Espeon,delcatty
data/images/hq/302-Mega.png,Porygon2,sableye-mega
data/images/hq/302.png,Haunter,sableye
data/images/hq/303-Mega.png,Mawile,mawile-mega
data/images/hq/303.png,Chatot,mawile
data/images/hq/304.png,Omanyte,aron
data/images/hq/305.png,Cloyster,lairon
data/images/hq/306-Mega.png,Rhydon,aggron-mega
data/images/hq/306.png,aggron,aggron
data/images/hq/307.png,Wynaut,meditite
data/images/hq/308-Mega.png,Togekiss,medicham-mega
data/images/hq/308.png,Lopunny,medicham
data/images/hq/309.png,Dragonair,electrike
data/images/hq/310-Mega.png,Raichu,manectric-mega
data/images/hq/310.png,Ampharos,manectric
data/images/hq/311.png,plusle,plusle
data/images/hq/312.png,minun,minun
data/images/hq/313.png,Deoxys,volbeat
data/images/hq/314.png,Bronzong,illumise
data/images/hq/315.png,Roserade,roselia
data/images/hq/316.png,Surskit,gulpin
data/images/hq/317.png,Clobbopus,swalot
data/images/hq/318.png,Golduck,carvanha
data/images/hq/319-Mega.png,Kyogre,sharpedo-mega
data/images/hq/319.png,Kyogre,sharpedo
data/images/hq/320.png,Corphish,wailmer
data/images/hq/321.png,wailord,wailord
data/images/hq/322.png,Spoink,numel
data/images/hq/323-Mega.png,Torkoal,camerupt-mega
data/images/hq/323.png,Numel,camerupt
data/images/hq/324.png,Camerupt,torkoal
data/images/hq/325.png,spoink,spoink
data/images/hq/326.png,grumpig,grumpig
data/images/hq/327.png,spinda,spinda
data/images/hq/328.png,Hitmonlee,trapinch
data/images/hq/329.png,Nincada,vibrava
data/images/hq/330.png,flygon,flygon
data/images/hq/331.png,Cacturne,cacnea
data/images/hq/332.png,cacturne,cacturne
data/images/hq/333.png,Castform,swablu
data/images/hq/334-Mega.png,Castform,altaria-mega
data/images/hq/334.png,Castform,altaria
data/images/hq/335.png,zangoose,zangoose
data/images/hq/336.png,seviper,seviper
data/images/hq/337.png,Carvanha,lunatone
data/images/hq/338.png,solrock,solrock
data/images/hq/339.png,barboach,barboach
data/images/hq/340.png,Corphish,whiscash
data/images/hq/341.png,corphish,corphish
data/images/hq/342.png,crawdaunt,crawdaunt
data/images/hq/343.png,baltoy,baltoy
data/images/hq/344.png,Baltoy,claydol
data/images/hq/345.png,Chimecho,lileep
data/images/hq/346.png,Meditite,cradily
data/images/hq/347.png,anorith,anorith
data/images/hq/348.png,Gyarados,armaldo
data/images/hq/349.png,Shellder,feebas
data/images/hq/350.png,Slowbro,milotic
data/images/hq/351-Rainy.png,Lapras,castform-rainy
data/images/hq/351-Snowy.png,Spheal,castform-snowy
data/images/hq/351-Sunny.png,Marill,castform-sunny
data/images/hq/351.png,Piplup,castform
data/images/hq/352.png,Treecko,kecleon
data/images/hq/353.png,Wooper,shuppet
data/images/hq/354-Mega.png,Crawdaunt,banette-mega
data/images/hq/354.png,banette,banette
data/images/hq/355.png,Corphish,duskull
data/images/hq/356.png,Claydol,dusclops
data/images/hq/357.png,tropius,tropius
data/images/hq/358.png,Hatenna,chimecho
data/images/hq/359-Mega.png,Absol,absol-mega
data/images/hq/359.png,absol,absol
data/images/hq/360.png,Azumarill,wynaut
data/images/hq/361.png,Dhelmise,snorunt
data/images/hq/362-Mega.png,Corviknight,glalie-mega
data/images/hq/362.png,Cursola,glalie
data/images/hq/363.png,Sealeo,spheal
data/images/hq/364.png,Seel,sealeo
data/images/hq/365.png,Sealeo,walrein
data/images/hq/366.png,Cloister,clamperl
data/images/hq/367.png,Dracovish,huntail
data/images/hq/368.png,Ditto,gorebyss
data/images/hq/369.png,relicanth,relicanth
data/images/hq/370.png,Wobbuffet,luvdisc
data/images/hq/371.png,Totodile,bagon
data/images/hq/372.png,Cloister,shelgon
data/images/hq/373-Mega.png,Kyogre,salamence-mega
data/images/hq/373.png,Gyarados,salamence
data/images/hq/374.png,Ditto,beldum
data/images/hq/375.png,Cloyster,metang
data/images/hq/376-Mega.png,Metagross,metagross-mega
data/images/hq/376.png,Scizor,metagross
data/images/hq/377.png,Rhyperior,regirock
data/images/hq/378.png,Porygon2,regice
data/images/hq/379.png,Bronzong,registeel
data/images/hq/380-Mega.png,Hydreigon,latias-mega
data/images/hq/380.png,Dragonite,latias
data/images/hq/381-Mega.png,Salamence,latios-mega
data/images/hq/381.png,Garchomp,latios
data/images/hq/382-Primal.png,Rayquaza,kyogre-primal
data/images/hq/382.png,kyogre,kyogre
data/images/hq/383-Primal.png,Groudon,groudon-primal
data/images/hq/383.png,Terrakion,groudon
data/images/hq/384-Mega.png,Rayquaza,rayquaza-mega
data/images/hq/384.png,rayquaza,rayquaza
data/images/hq/385.png,jirachi,jirachi
data/images/hq/386-Attack.png,Deoxys,deoxys-normal-attack
data/images/hq/386-Defense.png,Deoxys,deoxys-normal-defense
data/images/hq/386-Speed.png,Deoxys,deoxys-normal-speed
data/images/hq/386.png,Deoxys,deoxys-normal
data/images/hq/387.png,turtwig,turtwig
data/images/hq/388.png,Torterra,grotle
data/images/hq/389.png,torterra,torterra
data/images/hq/390.png,chimchar,chimchar
data/images/hq/391.png,monferno,monferno
data/images/hq/392.png,infernape,infernape
data/images/hq/393.png,piplup,piplup
data/images/hq/394.png,Staraptor,prinplup
data/images/hq/395.png,empoleon,empoleon
data/images/hq/396.png,Rowlet,starly
data/images/hq/397.png,Dartrix,staravia
data/images/hq/398.png,Decidueye,staraptor
data/images/hq/399.png,Litten,bidoof
data/images/hq/400.png,Torracat,bibarel
data/images/hq/401.png,Incineroar,kricketot
data/images/hq/402.png,Popplio,kricketune
data/images/hq/403.png,Brionne,shinx
data/images/hq/404.png,Primarina,luxio
data/images/hq/405.png,Luxio,luxray
data/images/hq/406.png,Grookey,budew
data/images/hq/407.png,Thwackey,roserade
data/images/hq/408.png,Rillaboom,cranidos
data/images/hq/409.png,Scorbunny,rampardos
data/images/hq/410.png,Raboot,shieldon
data/images/hq/411.png,Cinderace,bastiodon
data/images/hq/412-Sandy.png,Sobble,burmy-sandy
data/images/hq/412-Trash.png,Drizzile,burmy-trash
data/images/hq/412.png,Inteleon,burmy
data/images/hq/413-Sandy.png,Applin,wormadam-plant-sandy
data/images/hq/413-Trash.png,Flapple,wormadam-plant-trash
data/images/hq/413.png,Appletun,wormadam-plant
data/images/hq/414.png,Combee,mothim
data/images/hq/415.png,Vespiquen,combee
data/images/hq/416.png,Cutiefly,vespiquen
data/images/hq/417.png,Alolan Vulpix,pachirisu
data/images/hq/418.png,buizel,buizel
data/images/hq/419.png,floatzel,floatzel
data/images/hq/420.png,cherubi,cherubi
data/images/hq/421-Sunshine.png,Cherrim,cherrim-sunshine
data/images/hq/421.png,Bellsprout,cherrim
data/images/hq/422-East.png,Mareanie,shellos-east
data/images/hq/422-West.png,Slowbro,shellos-west
data/images/hq/422.png,Slowpoke,shellos
data/images/hq/423-East.png,Lapras,gastrodon-east
data/images/hq/423-West.png,Slowking,gastrodon-west
data/images/hq/423.png,Slowpoke,gastrodon
data/images/hq/424.png,Aipom,ambipom
data/images/hq/425.png,drifloon,drifloon
data/images/hq/426.png,drifblim,drifblim
data/images/hq/427.png,buneary,buneary
data/images/hq/428-Mega.png,Hitmonlee,lopunny-mega
data/images/hq/428.png,lopunny,lopunny
data/images/hq/429.png,mismagius,mismagius
data/images/hq/430.png,Chatot,honchkrow
data/images/hq/431.png,Chinchilla,glameow
data/images/hq/432.png,Ursaring,purugly
data/images/hq/433.png,Voltorb,chingling
data/images/hq/434.png,Mightyena,stunky
data/images/hq/435.png,Mightyena,skuntank
data/images/hq/436.png,Corphish,bronzor
data/images/hq/437.png,bronzong,bronzong
data/images/hq/438.png,bonsly,bonsly
data/images/hq/439.png,Chimecho,mime-jr
data/images/hq/440.png,happiny,happiny
data/images/hq/441.png,chatot,chatot
data/images/hq/442.png,Cradily,spiritomb
data/images/hq/443.png,Carvanha,gible
data/images/hq/444.png,Gible,gabite
data/images/hq/445-Mega.png,Garchomp,garchomp-mega
data/images/hq/445.png,garchomp,garchomp
data/images/hq/446.png,munchlax,munchlax
data/images/hq/447.png,riolu,riolu
data/images/hq/448-Mega.png,Lucario,lucario-mega
data/images/hq/448.png,lucario,lucario
data/images/hq/449.png,Shellos,hippopotas
data/images/hq/450.png,Hippopotas,hippowdon
data/images/hq/451.png,Corphish,skorupi
data/images/hq/452.png,Wailord,drapion
data/images/hq/453.png,Palpitoad,croagunk
data/images/hq/454.png,Primeape,toxicroak
data/images/hq/455.png,carnivine,carnivine
data/images/hq/456.png,Buizel,finneon
data/images/hq/457.png,Drapion,lumineon
data/images/hq/458.png,Wooper,mantyke
data/images/hq/459.png,Bergmite,snover
data/images/hq/460-Mega.png,Cryogonal,abomasnow-mega
data/images/hq/460.png,Shaymin,abomasnow
data/images/hq/461.png,Scrafty,weavile
data/images/hq/462.png,Bronzong,magnezone
data/images/hq/463.png,Snorlax,lickilicky
data/images/hq/464.png,Torterra,rhyperior
data/images/hq/465.png,Spheal,tangrowth
data/images/hq/466.png,Heracross,electivire
data/images/hq/467.png,Magcargo,magmortar
data/images/hq/468.png,togekiss,togekiss
data/images/hq/469.png,Flygon,yanmega
data/images/hq/470.png,Sawsbuck,leafeon
data/images/hq/471.png,glaceon,glaceon
data/images/hq/472.png,Honchkrow,gliscor
data/images/hq/473.png,mamoswine,mamoswine
data/images/hq/474.png,Porygon2,porygon-z
data/images/hq/475-Mega.png,Gardevoir,gallade-mega
data/images/hq/475.png,gallade,gallade
data/images/hq/476.png,probopass,probopass
data/images/hq/477.png,Metagross,dusknoir
data/images/hq/478.png,Meowstic,froslass
data/images/hq/479-Fan.png,Heliolisk,rotom-fan
data/images/hq/479-Frost.png,Magnemite,rotom-frost
data/images/hq/479-Heat.png,Magnemite,rotom-heat
data/images/hq/479-Mow.png,Magneton,rotom-mow
data/images/hq/479-Wash.png,Magneton,rotom-wash
data/images/hq/479.png,rotom,rotom
data/images/hq/480.png,Rotom,uxie
data/images/hq/481.png,Rotom,mesprit
data/images/hq/482.png,Rotom,azelf
data/images/hq/483-Origin.png,Kyurem,dialga-origin
data/images/hq/483.png,Kyurem,dialga
data/images/hq/484-Origin.png,Palkia,palkia-origin
data/images/hq/484.png,palkia,palkia
data/images/hq/485.png,Rhyperior,heatran
data/images/hq/486.png,Metagross,regigigas
data/images/hq/487-Origin.png,Giratina,giratina-altered-origin
data/images/hq/487.png,Giratina,giratina-altered
data/images/hq/488.png,Lugia,cresselia
data/images/hq/489.png,phione,phione
data/images/hq/490.png,Phione,manaphy
data/images/hq/491.png,Hydreigon,darkrai
data/images/hq/492-Sky.png,Shaymin,shaymin-land-sky
data/images/hq/492.png,Cherrim,shaymin-land
data/images/hq/493.png,arceus,arceus
data/images/hq/494.png,victini,victini
data/images/hq/495.png,snivy,snivy
data/images/hq/496.png,Serperior,servine
data/images/hq/497.png,serperior,serperior
data/images/hq/498.png,tepig,tepig
data/images/hq/499.png,pignite,pignite
data/images/hq/500.png,emboar,emboar
data/images/hq/501.png,Piplup,oshawott
data/images/hq/502.png,Piplup,dewott
data/images/hq/503-Hisui.png,Prinplup,samurott-hisui
data/images/hq/503.png,Empoleon,samurott
data/images/hq/504.png,Tepig,patrat
data/images/hq/505.png,Pignite,watchog
data/images/hq/506.png,Chespin,lillipup
data/images/hq/507.png,Quilladin,herdier
data/images/hq/508.png,Chesnaught,stoutland
data/images/hq/509.png,Litten,purrloin
data/images/hq/510.png,Torracat,liepard
data/images/hq/511.png,Grookey,pansage
data/images/hq/512.png,Thwackey,simisage
data/images/hq/513.png,Scorbunny,pansear
data/images/hq/514.png,Raboot,simisear
data/images/hq/515.png,Sobble,panpour
data/images/hq/516.png,Drizzile,simipour
data/images/hq/517.png,Oshawott,munna
data/images/hq/518.png,Dewott,musharna
data/images/hq/519.png,pidove,pidove
data/images/hq/520.png,Pidgeotto,tranquill
data/images/hq/521.png,Pidgeot,unfezant
data/images/hq/522.png,blitzle,blitzle
data/images/hq/523.png,zebstrika,zebstrika
data/images/hq/524.png,roggenrola,roggenrola
data/images/hq/525.png,boldore,boldore
data/images/hq/526.png,gigalith,gigalith
data/images/hq/527.png,woobat,woobat
data/images/hq/528.png,swoobat,swoobat
data/images/hq/529.png,Audino,drilbur
data/images/hq/530.png,Druddigon,excadrill
data/images/hq/531-Mega.png,Spritzee,audino-mega
data/images/hq/531.png,Flaaffy,audino
data/images/hq/532.png,Buneary,timburr
data/images/hq/533.png,Wynaut,gurdurr
data/images/hq/534.png,Koffing,conkeldurr
data/images/hq/535.png,Drifloon,tympole
data/images/hq/536.png,Piplup,palpitoad
data/images/hq/537.png,Prinplup,seismitoad
data/images/hq/538.png,Hitmonchan,throh
data/images/hq/539.png,Hitmonlee,sawk
data/images/hq/540.png,Caterpie,sewaddle
data/images/hq/541.png,Grookey,swadloon
data/images/hq/542.png,Scyther,leavanny
data/images/hq/543.png,Carnivine,venipede
data/images/hq/544.png,Clobbopus,whirlipede
data/images/hq/545.png,Dragalge,scolipede
data/images/hq/546.png,Whimiscott,cottonee
data/images/hq/547.png,Wooloo,whimsicott
data/images/hq/548.png,Budew,petilil
data/images/hq/549-Hisui.png,Lilligant,lilligant-hisui
data/images/hq/549.png,Tsareena,lilligant
data/images/hq/550-Blue-Striped.png,Basculin,basculin-red-striped-blue-striped
data/images/hq/550-Red-Striped.png,Dracovish,basculin-red-striped-red-striped
data/images/hq/550-White-Striped.png,Arrokuda,basculin-red-striped-white-striped
data/images/hq/550.png,Barraskewda,basculin-red-striped
data/images/hq/551.png,Lillipup,sandile
data/images/hq/552.png,Herdier,krokorok
data/images/hq/553.png,Ursaring,krookodile
data/images/hq/554-Galar.png,Vanillite,darumaka-galar
data/images/hq/554.png,darumaka,darumaka
data/images/hq/555-Galar-Standard.png,Cryogonal,darmanitan-standard-galar-standard
data/images/hq/555-Galar-Zen.png,Hisuian Voltorb,darmanitan-standard-galar-zen
data/images/hq/555-Zen.png,Clodsire,darmanitan-standard-zen
data/images/hq/555.png,Entei,darmanitan-standard
data/images/hq/556.png,Bellossom,maractus
data/images/hq/557.png,Corphish,dwebble
data/images/hq/558.png,Dwebble,crustle
data/images/hq/559.png,Sandile,scraggy
data/images/hq/560.png,Pignite,scrafty
data/images/hq/561.png,Hawlucha,sigilyph
data/images/hq/562-Galar.png,Inkay,yamask-galar
data/images/hq/562.png,Oranguru,yamask
data/images/hq/563.png,cofagrigus,cofagrigus
data/images/hq/564.png,Kyogre,tirtouga
data/images/hq/565.png,Marshtomp,carracosta
data/images/hq/566.png,Torracat,archen
data/images/hq/567.png,Ho-Oh,archeops
data/images/hq/568.png,Grookey,trubbish
data/images/hq/569-Gmax.png,Garbodor,garbodor-gmax
data/images/hq/569.png,Maushold,garbodor
data/images/hq/570-Hisui.png,Togepi,zorua-hisui
data/images/hq/570.png,zorua,zorua
data/images/hq/571-Hisui.png,Vulpix,zoroark-hisui
data/images/hq/571.png,zoroark,zoroark
data/images/hq/572.png,minccino,minccino
data/images/hq/573.png,cinccino,cinccino
data/images/hq/574.png,Mawile,gothita
data/images/hq/575.png,Miltank,gothorita
data/images/hq/576.png,Malamar,gothitelle
data/images/hq/577.png,Grookey,solosis
data/images/hq/578.png,Grookey,duosion
data/images/hq/579.png,Grookey,reuniclus
data/images/hq/580.png,Piplup,ducklett
data/images/hq/581.png,Pelipper,swanna
data/images/hq/582.png,Clobbopus,vanillite
data/images/hq/583.png,Vanillite,vanillish
data/images/hq/584.png,Vanillish,vanilluxe
data/images/hq/585-Autumn.png,Deerling,deerling-autumn
data/images/hq/585-Summer.png,Deerling,deerling-summer
data/images/hq/585-Winter.png,Deerling,deerling-winter
data/images/hq/585.png,deerling,deerling
data/images/hq/586-Autumn.png,Darumaka,sawsbuck-autumn
data/images/hq/586-Summer.png,Foongus,sawsbuck-summer
data/images/hq/586-Winter.png,Ferroseed,sawsbuck-winter
data/images/hq/586.png,sawsbuck,sawsbuck
data/images/hq/587.png,emolga,emolga
data/images/hq/588.png,Heracross,karrablast
data/images/hq/589.png,Scizor,escavalier
data/images/hq/590.png,Amoonguss,foongus
data/images/hq/591.png,Bronzong,amoonguss
data/images/hq/592.png,Tentacool,frillish
data/images/hq/593.png,Tentacruel,jellicent
data/images/hq/594.png,Slowbro,alomomola
data/images/hq/595.png,joltik,joltik
data/images/hq/596.png,galvantula,galvantula
data/images/hq/597.png,Ferrothorn,ferroseed
data/images/hq/598.png,Shelmet,ferrothorn
data/images/hq/599.png,klink,klink
data/images/hq/600.png,klang,klang
data/images/hq/601.png,klinklang,klinklang
data/images/hq/602.png,Archen,tynamo
data/images/hq/603.png,Archeops,eelektrik
data/images/hq/604.png,Druddigon,eelektross
data/images/hq/605.png,Meowth,elgyem
data/images/hq/606.png,Chandelure,beheeyem
data/images/hq/607.png,litwick,litwick
data/images/hq/608.png,lampent,lampent
data/images/hq/609.png,chandelure,chandelure
data/images/hq/610.png,Bulbasaur,axew
data/images/hq/611.png,Ivysaur,fraxure
data/images/hq/612.png,Dragoneel,haxorus
data/images/hq/613.png,Cyndaquil,cubchoo
data/images/hq/614.png,beartic,beartic
data/images/hq/615.png,cryogonal,cryogonal
data/images/hq/616.png,Oshawott,shelmet
data/images/hq/617.png,Drilbur,accelgor
data/images/hq/618-Galar.png,Ferroseed,stunfisk-galar
data/images/hq/618.png,Dwebble,stunfisk
data/images/hq/619.png,Scraggy,mienfoo
data/images/hq/620.png,Lillipup,mienshao
data/images/hq/621.png,Totodile,druddigon
data/images/hq/622.png,Roggenrola,golett
data/images/hq/623.png,Boldore,golurk
data/images/hq/624.png,pawniard,pawniard
data/images/hq/625.png,bisharp,bisharp
data/images/hq/626.png,bouffalant,bouffalant
data/images/hq/627.png,rufflet,rufflet
data/images/hq/628-Hisui.png,Braviary,braviary-hisui
data/images/hq/628.png,Pidgeot,braviary
data/images/hq/629.png,vullaby,vullaby
data/images/hq/630.png,mandibuzz,mandibuzz
data/images/hq/631.png,heatmor,heatmor
data/images/hq/632.png,Joltik,durant
data/images/hq/633.png,Pawmi,deino
data/images/hq/634.png,Pawmo,zweilous
data/images/hq/635.png,Pawmot,hydreigon
data/images/hq/636.png,Arcanine,larvesta
data/images/hq/637.png,volcarona,volcarona
data/images/hq/638.png,Keldeo,cobalion
data/images/hq/639.png,Roggenrola,terrakion
data/images/hq/640.png,virizion,virizion
data/images/hq/641-Therian.png,Tornadus,tornadus-incarnate-therian
data/images/hq/641.png,Whimsicott,tornadus-incarnate
data/images/hq/642-Therian.png,Cubchoo,thundurus-incarnate-therian
data/images/hq/642.png,Beartic,thundurus-incarnate
data/images/hq/643.png,reshiram,reshiram
data/images/hq/644.png,Hydreigon,zekrom
data/images/hq/645-Therian.png,Tepig,landorus-incarnate-therian
data/images/hq/645.png,Pignite,landorus-incarnate
data/images/hq/646-Black.png,Zekrom,kyurem-black
data/images/hq/646-White.png,Kyurem,kyurem-white
data/images/hq/646.png,kyurem,kyurem
data/images/hq/647-Resolute.png,Keldeo,keldeo-ordinary-resolute
data/images/hq/647.png,Keldeo,keldeo-ordinary
data/images/hq/648-Pirouette.png,Heatmor,meloetta-aria-pirouette
data/images/hq/648.png,Ditto,meloetta-aria
data/images/hq/649.png,genesect,genesect
data/images/hq/650.png,chespin,chespin
data/images/hq/651.png,Chesnaught,quilladin
data/images/hq/652.png,Quilladin,chesnaught
data/images/hq/653.png,fennekin,fennekin
data/images/hq/654.png,braixen,braixen
data/images/hq/655.png,delphox,delphox
data/images/hq/656.png,froakie,froakie
data/images/hq/657.png,frogadier,frogadier
data/images/hq/658-Ash.png,Greninja,greninja-ash
data/images/hq/658.png,greninja,greninja
data/images/hq/659.png,bunnelby,bunnelby
data/images/hq/660.png,diggersby,diggersby
data/images/hq/661.png,fletchling,fletchling
data/images/hq/662.png,fletchinder,fletchinder
data/images/hq/663.png,Fletchinder,talonflame
data/images/hq/664.png,Beldum,scatterbug
data/images/hq/665.png,Roggenrola,spewpa
data/images/hq/666-Archipelago.png,Vivillon,vivillon-archipelago
data/images/hq/666-Continental.png,Vivillon,vivillon-continental
data/images/hq/666-Elegant.png,Vivillon,vivillon-elegant
data/images/hq/666-Fancy.png,Vivillon,vivillon-fancy
data/images/hq/666-Garden.png,Vivillon,vivillon-garden
data/images/hq/666-High-Plains.png,Vivillon,vivillon-high-plains
data/images/hq/666-Icy-Snow.png,Vivillon,vivillon-icy-snow
data/images/hq/666-Jungle.png,Vivillon,vivillon-jungle
data/images/hq/666-Marine.png,Vivillon,vivillon-marine
data/images/hq/666-Meadow.png,Vivillon,vivillon-meadow
data/images/hq/666-Modern.png,Vivillon,vivillon-modern
data/images/hq/666-Monsoon.png,Vivillon,vivillon-monsoon
data/images/hq/666-Ocean.png,Vivillon,vivillon-ocean
data/images/hq/666-Poke-Ball.png,Vivillon,vivillon-poke-ball
data/images/hq/666-Polar.png,Vivillon,vivillon-polar
data/images/hq/666-River.png,Vivillon,vivillon-river
data/images/hq/666-Sandstorm.png,Vivillon,vivillon-sandstorm
data/images/hq/666-Savanna.png,Vivillon,vivillon-savanna
data/images/hq/666-Sun.png,Vivillon,vivillon-sun
data/images/hq/666-Tundra.png,Vivillon,vivillon-tundra
data/images/hq/666.png,vivillon,vivillon
data/images/hq/667.png,Litwick,litleo
data/images/hq/668.png,Litwick,pyroar
data/images/hq/669.png,flabebe,flabebe
data/images/hq/670-Eternal.png,Pikipek,floette-eternal
data/images/hq/670.png,Flabébé,floette
data/images/hq/671.png,Floette,florges
data/images/hq/672.png,skiddo,skiddo
data/images/hq/673.png,gogoat,gogoat
data/images/hq/674.png,pancham,pancham
data/images/hq/675.png,pangoro,pangoro
data/images/hq/676-Diamond.png,Mudbray,furfrou-diamond
data/images/hq/676-Heart.png,Mudsdale,furfrou-heart
data/images/hq/676-Star.png,Drampa,furfrou-star
data/images/hq/676.png,Alpaca,furfrou
data/images/hq/677.png,Spritzee,espurr
data/images/hq/678-Female.png,Aromatisse,meowstic-male-female
data/images/hq/678-Male-Female.png,Swirlix,meowstic-male-male-female
data/images/hq/678.png,Slurpuff,meowstic-male
data/images/hq/679.png,Inkay,honedge
data/images/hq/680.png,Malamar,doublade
data/images/hq/681-Blade.png,Honedge,aegislash-shield-blade
data/images/hq/681.png,Doublade,aegislash-shield
data/images/hq/682.png,Fluffal,spritzee
data/images/hq/683.png,aromatisse,aromatisse
data/images/hq/684.png,swirlix,swirlix
data/images/hq/685.png,slurpuff,slurpuff
data/images/hq/686.png,Mareanie,inkay
data/images/hq/687.png,Toxapex,malamar
data/images/hq/688.png,Rowlet,binacle
data/images/hq/689.png,Decidueye,barbaracle
data/images/hq/690.png,Salandit,skrelp
data/images/hq/691.png,Salazzle,dragalge
data/images/hq/692.png,Corphish,clauncher
data/images/hq/693.png,Crawdaunt,clawitzer
data/images/hq/694.png,Manectric,helioptile
data/images/hq/695.png,Helioptile,heliolisk
data/images/hq/696.png,Cubone,tyrunt
data/images/hq/697.png,Alolan Exeggutor,tyrantrum
data/images/hq/698.png,Palkia,amaura
data/images/hq/699.png,Palkia,aurorus
data/images/hq/700.png,sylveon,sylveon
data/images/hq/701.png,Decidueye,hawlucha
data/images/hq/702.png,Togedemaru,dedenne
data/images/hq/703.png,Dhelmise,carbink
data/images/hq/704.png,Mawile,goomy
data/images/hq/705-Hisui.png,Natu,sliggoo-hisui
data/images/hq/705.png,Bellossom,sliggoo
data/images/hq/706-Hisui.png,Goodra,goodra-hisui
data/images/hq/706.png,Dragonair,goodra
data/images/hq/707.png,Klinklang,klefki
data/images/hq/708.png,Drifloon,phantump
data/images/hq/709.png,Ferrothorn,trevenant
data/images/hq/710.png,Cofagrigus,pumpkaboo-average
data/images/hq/711.png,Chandelure,gourgeist-average
data/images/hq/712.png,Cryogonal,bergmite
data/images/hq/713-Hisui.png,Avalugg,avalugg-hisui
data/images/hq/713.png,Bergmite,avalugg
data/images/hq/714.png,noibat,noibat
data/images/hq/715.png,Mandibuzz,noivern
data/images/hq/716.png,xerneas,xerneas
data/images/hq/717.png,yveltal,yveltal
data/images/hq/718-10.png,Zeraora,zygarde-50-10
data/images/hq/718-Cell.png,Grookey,zygarde-50-cell
data/images/hq/718-Complete.png,Zarude,zygarde-50-complete
data/images/hq/718-Core.png,Sobble,zygarde-50-core
data/images/hq/718.png,Toxapex,zygarde-50
data/images/hq/719-Mega.png,Mawile,diancie-mega
data/images/hq/719.png,Mawile,diancie
data/images/hq/720-Unbound.png,Mawile,hoopa-unbound
data/images/hq/720.png,hoopa,hoopa
data/images/hq/721.png,Turtonator,volcanion
data/images/hq/722.png,rowlet,rowlet
data/images/hq/723.png,Rowlet,dartrix
data/images/hq/724-Hisui.png,Ho-Oh,decidueye-hisui
data/images/hq/724.png,decidueye,decidueye
data/images/hq/725.png,litten,litten
data/images/hq/726.png,torracat,torracat
data/images/hq/727.png,incineroar,incineroar
data/images/hq/728.png,popplio,popplio
data/images/hq/729.png,brionne,brionne
data/images/hq/730.png,primarina,primarina
data/images/hq/731.png,pikipek,pikipek
data/images/hq/732.png,trumbeak,trumbeak
data/images/hq/733.png,toucannon,toucannon
data/images/hq/734.png,yungoos,yungoos
data/images/hq/735.png,gumshoos,gumshoos
data/images/hq/736.png,Crabrawler,grubbin
data/images/hq/737.png,Wimpod,charjabug
data/images/hq/738.png,Honedge,vikavolt
data/images/hq/739.png,Dewpider,crabrawler
data/images/hq/740.png,Togedemaru,crabominable
data/images/hq/741-Pau.png,Cutiefly,oricorio-baile-pau
data/images/hq/741-Pom-Pom.png,Bounsweet,oricorio-baile-pom-pom
data/images/hq/741-Sensu.png,Oricorio,oricorio-baile-sensu
data/images/hq/741.png,Salandit,oricorio-baile
data/images/hq/742.png,Combee,cutiefly
data/images/hq/743.png,ribombee,ribombee
data/images/hq/744.png,Lillipup,rockruff
data/images/hq/745-Dusk.png,Growlithe,lycanroc-midday-dusk
data/images/hq/745-Midnight.png,Herdier,lycanroc-midday-midnight
data/images/hq/745.png,Mankey,lycanroc-midday
data/images/hq/746-School.png,Mareanie,wishiwashi-solo-school
data/images/hq/746.png,Wishiwashi,wishiwashi-solo
data/images/hq/747.png,Dhelmise,mareanie
data/images/hq/748.png,Clodsire,toxapex
data/images/hq/749.png,Donkey,mudbray
data/images/hq/750.png,Coalossal,mudsdale
data/images/hq/751.png,Araquanid,dewpider
data/images/hq/752.png,araquanid,araquanid
data/images/hq/753.png,Bounsweet,fomantis
data/images/hq/754.png,Florges,lurantis
data/images/hq/755.png,Foongus,morelull
data/images/hq/756.png,Amoonguss,shiinotic
data/images/hq/757.png,salandit,salandit
data/images/hq/758.png,salazzle,salazzle
data/images/hq/759.png,stufful,stufful
data/images/hq/760.png,bewear,bewear
data/images/hq/761.png,Applin,bounsweet
data/images/hq/762.png,steenee,steenee
data/images/hq/763.png,tsareena,tsareena
data/images/hq/764.png,Oricorio,comfey
data/images/hq/765.png,oranguru,oranguru
data/images/hq/766.png,passimian,passimian
data/images/hq/767.png,Togedemaru,wimpod
data/images/hq/768.png,Guzzlord,golisopod
data/images/hq/769.png,Mimikyu,sandygast
data/images/hq/770.png,Sandygast,palossand
data/images/hq/771.png,Mareanie,pyukumuku
data/images/hq/772.png,Scrafty,type-null
data/images/hq/773.png,Silver,silvally
data/images/hq/774-Red.png,Jigglypuff,minior-red-meteor-red
data/images/hq/774.png,Nuzleaf,minior-red-meteor
data/images/hq/775.png,Lechonk,komala
data/images/hq/776.png,Volcarona,turtonator
data/images/hq/777.png,Togepi,togedemaru
data/images/hq/778-Busted.png,Sprigatito,mimikyu-disguised-busted
data/images/hq/778.png,Mimikyu,mimikyu-disguised
data/images/hq/779.png,bruxish,bruxish
data/images/hq/780.png,Mareanie,drampa
data/images/hq/781.png,Guzzlord,dhelmise
data/images/hq/782.png,Pikipek,jangmo-o
data/images/hq/783.png,Hawlucha,hakamo-o
data/images/hq/784.png,Oranguru,kommo-o
data/images/hq/785.png,Salazzle,tapu-koko
data/images/hq/786.png,Morelull,tapu-lele
data/images/hq/787.png,Turtonator,tapu-bulu
data/images/hq/788.png,Naganadel,tapu-fini
data/images/hq/789.png,cosmog,cosmog
data/images/hq/790.png,cosmoem,cosmoem
data/images/hq/791-Radiant-Sun-Phase.png,Solgaleo,solgaleo-radiant-sun-phase
data/images/hq/791.png,solgaleo,solgaleo
data/images/hq/792-Full-Moon-Phase.png,Lunala,lunala-full-moon-phase
data/images/hq/792.png,lunala,lunala
data/images/hq/793.png,Pheromosa,nihilego
data/images/hq/794.png,buzzwole,buzzwole
data/images/hq/795.png,Guzzlord,pheromosa
data/images/hq/796.png,xurkitree,xurkitree
data/images/hq/797.png,celesteela,celesteela
data/images/hq/798.png,kartana,kartana
data/images/hq/799.png,guzzlord,guzzlord
data/images/hq/800-Dawn.png,Necrozma,necrozma-dawn
data/images/hq/800-Dusk.png,Tapu Koko,necrozma-dusk
data/images/hq/800-Ultra.png,Tapu Koko,necrozma-ultra
data/images/hq/800.png,Tapu Bulu,necrozma
data/images/hq/801-Original.png,Tapu Lele,magearna-original
data/images/hq/801.png,Tapu Fini,magearna
data/images/hq/802.png,Poipole,marshadow
data/images/hq/803.png,Jangmo-o,poipole
data/images/hq/804.png,Hydreigon,naganadel
data/images/hq/805.png,Golurk,stakataka
data/images/hq/806.png,Mr. Mime,blacephalon
data/images/hq/807.png,zeraora,zeraora
data/images/hq/808.png,Porygon,meltan
data/images/hq/809-Gmax.png,Escavalier,melmetal-gmax
data/images/hq/809.png,melmetal,melmetal
data/images/hq/810.png,grookey,grookey
data/images/hq/811.png,Sprigatito,thwackey
data/images/hq/812-Gmax.png,Xurkitree,rillaboom-gmax
data/images/hq/812.png,Zarude,rillaboom
data/images/hq/813.png,scorbunny,scorbunny
data/images/hq/814.png,Cinderace,raboot
data/images/hq/815-Gmax.png,Turtonator,cinderace-gmax
data/images/hq/815.png,Scorbunny,cinderace
data/images/hq/816.png,Popplio,sobble
data/images/hq/817.png,Popplio,drizzile
data/images/hq/818-Gmax.png,Grapploct,inteleon-gmax
data/images/hq/818.png,Toxapex,inteleon
data/images/hq/819.png,skwovet,skwovet
data/images/hq/820.png,Lechonk,greedent
data/images/hq/821.png,Chatot,rookidee
data/images/hq/822.png,Corviknight,corvisquire
data/images/hq/823-Gmax.png,Corviknight,corviknight-gmax
data/images/hq/823.png,corviknight,corviknight
data/images/hq/824.png,Rookidee,blipbug
data/images/hq/825.png,Dracozolt,dottler
data/images/hq/826-Gmax.png,Uxie,orbeetle-gmax
data/images/hq/826.png,Heracross,orbeetle
data/images/hq/827.png,Eevee,nickit
data/images/hq/828.png,Eevee,thievul
data/images/hq/829.png,Bellossom,gossifleur
data/images/hq/830.png,Togedemaru,eldegoss
data/images/hq/831.png,wooloo,wooloo
data/images/hq/832.png,Farigiraf,dubwool
data/images/hq/833.png,Popplio,chewtle
data/images/hq/834-Gmax.png,Groudon,drednaw-gmax
data/images/hq/834.png,drednaw,drednaw
data/images/hq/835.png,Clobbopus,yamper
data/images/hq/836.png,Yamper,boltund
data/images/hq/837.png,Dracozolt,rolycoly
data/images/hq/838.png,Coalossal,carkol
data/images/hq/839-Gmax.png,Cursola,coalossal-gmax
data/images/hq/839.png,Rhyperior,coalossal
data/images/hq/840.png,applin,applin
data/images/hq/841-Gmax.png,Farigiraf,flapple-gmax
data/images/hq/841.png,Scyther,flapple
data/images/hq/842.png,appletun,appletun
data/images/hq/843.png,Dracozolt,silicobra
data/images/hq/844-Gmax.png,Whirlipede,sandaconda-gmax
data/images/hq/844.png,Dracozolt,sandaconda
data/images/hq/845-Gorging.png,Pikachu,cramorant-gorging
data/images/hq/845-Gulping.png,Zapdos,cramorant-gulping
data/images/hq/845.png,Articuno,cramorant
data/images/hq/846.png,Dracozolt,arrokuda
data/images/hq/847.png,Dracozolt,barraskewda
data/images/hq/848.png,Espeon,toxel
data/images/hq/849-Amped-Gmax.png,Eternatus,toxtricity-amped-amped-gmax
data/images/hq/849-Low-Key.png,Glastrier,toxtricity-amped-low-key
data/images/hq/849.png,Eternatus,toxtricity-amped
data/images/hq/850.png,Salamence,sizzlipede
data/images/hq/851-Gmax.png,Rayquaza,centiskorch-gmax
data/images/hq/851.png,Giratina,centiskorch
data/images/hq/852.png,Omanyte,clobbopus
data/images/hq/853.png,Mankey,grapploct
data/images/hq/854.png,sinistea,sinistea
data/images/hq/855.png,polteageist,polteageist
data/images/hq/856.png,Azurill,hatenna
data/images/hq/857.png,Azumarill,hattrem
data/images/hq/858-Gmax.png,Primarina,hatterene-gmax
data/images/hq/858.png,Popplio,hatterene
data/images/hq/859.png,Hisui Zoroark,impidimp
data/images/hq/860.png,Scizor,morgrem
data/images/hq/861-Gmax.png,Buzzwole,grimmsnarl-gmax
data/images/hq/861.png,Sableye,grimmsnarl
data/images/hq/862.png,Incineroar,obstagoon
data/images/hq/863.png,Obstagoon,perrserker
data/images/hq/864.png,Corsola,cursola
data/images/hq/865.png,Hisuian Growlithe,sirfetchd
data/images/hq/866.png,Oinkologne,mr-rime
data/images/hq/867.png,Grimer,runerigus
data/images/hq/868.png,Cloyster,milcery
data/images/hq/869-Gmax.png,Alcremie,alcremie-gmax
data/images/hq/869.png,Hatterene,alcremie
data/images/hq/870.png,Centiskorch,falinks
data/images/hq/871.png,Clobbopus,pincurchin
data/images/hq/872.png,snom,snom
data/images/hq/873.png,Dragonair,frosmoth
data/images/hq/874.png,Golurk,stonjourner
data/images/hq/875-Noice.png,Piplup,eiscue-ice-noice
data/images/hq/875.png,Porygon2,eiscue-ice
data/images/hq/876-Female.png,Munchlax,indeedee-male-female
data/images/hq/876-Male-Female.png,Eiscue,indeedee-male-male-female
data/images/hq/876.png,Indeedee,indeedee-male
data/images/hq/877-Hangry.png,Stufful,morpeko-full-belly-hangry
data/images/hq/877.png,Morpeko,morpeko-full-belly
data/images/hq/878.png,cufant,cufant
data/images/hq/879-Gmax.png,Copperajah,copperajah-gmax
data/images/hq/879.png,Rillaboom,copperajah
data/images/hq/880.png,Flapple,dracozolt
data/images/hq/881.png,Appletun,arctozolt
data/images/hq/882.png,Grookey,dracovish
data/images/hq/883.png,Arrokuda,arctovish
data/images/hq/884-Gmax.png,Barraskewda,duraludon-gmax
data/images/hq/884.png,Corviknight,duraludon
data/images/hq/885.png,Rayquaza,dreepy
data/images/hq/886.png,Dragonite,drakloak
data/images/hq/887.png,dragapult,dragapult
data/images/hq/888-Crowned.png,Zacian,zacian-crowned
data/images/hq/888.png,Zamazenta,zacian
data/images/hq/889-Crowned.png,Xerneas,zamazenta-crowned
data/images/hq/889.png,Yveltal,zamazenta
data/images/hq/890-Eternamax.png,Salamence,eternatus-eternamax
data/images/hq/890.png,Yveltal,eternatus
data/images/hq/891.png,Zeraora,kubfu
data/images/hq/892-Rapid-Strike-Gmax.png,Urshifu,urshifu-single-strike-rapid-strike-gmax
data/images/hq/892-Rapid-Strike.png,Zarude,urshifu-single-strike-rapid-strike
data/images/hq/892-Single-Strike-Gmax.png,Calyrex,urshifu-single-strike-single-strike-gmax
data/images/hq/892.png,Behemoth,urshifu-single-strike
data/images/hq/893-Dada.png,Toxapex,zarude-dada
data/images/hq/893.png,Toxapex,zarude
data/images/hq/894.png,Joltik,regieleki
data/images/hq/895.png,Chandelure,regidrago
data/images/hq/896.png,Keldeo,glastrier
data/images/hq/897.png,spectrier,spectrier
data/images/hq/898-Ice.png,Miraidon,calyrex-ice
data/images/hq/898-Shadow.png,Miraidon,calyrex-shadow
data/images/hq/898.png,Pecharunt,calyrex
data/images/hq/899.png,Sawsbuck,wyrdeer
data/images/hq/900.png,Bisharp,kleavor
data/images/hq/901.png,Rhyperior,ursaluna
data/images/hq/902.png,Basculin,basculegion-male
data/images/hq/903.png,Meowstic,sneasler
data/images/hq/904.png,Accelgor,overqwil
data/images/hq/905-Therian.png,Malamar,enamorus-incarnate-therian
data/images/hq/905.png,Sprigatito,enamorus-incarnate
